Num	Phrase	Translation
1	现在20岁了。	[['Muiriel is 20 now.', 1282.0], ['Muiriel has turned twenty.', 1415809.0]]
2	我很想你。	[['I miss you.', 1308.0]]
3	我叫Jack。	[['My name is Jack.', 1646.0], ["My name's Jack.", 758904.0]]
4	你住在哪里？	[['Where do you live?', 370708.0]]
5	他住在这里吗？	[['Does he live here?', 497731.0]]
6	火车站在哪里?	[['Where is the railroad station?', 26041.0], ['Where is the train station?', 638544.0], ['Where is the railway station?', 544540.0], ["Where's the train station?", 4048962.0]]
7	我爱你。	[['I love you.', 1434.0], ['I love you!', 2365642.0]]
8	这是我的妈妈。	[['This is my mother.', 413771.0], ['This is my mom.', 1061529.0]]
9	我什么都不想喝。	[["I don't want anything to drink.", 256125.0], ["I don't want to drink anything.", 1477114.0]]
10	做你想做的。	[['Do whatever you want.', 70894.0]]
11	你做了什么？	[['What did you make?', 24693.0], ['What did you do?', 1495903.0]]
12	今天天气很好。	[["It's fine today.", 242938.0], ['Today， the weather is very nice.', 942478.0], ["It's a nice day.", 433659.0], ['The weather is good today.', 1867475.0]]
13	你有几本书?	[['How many books do you have?', 16254.0]]
14	一年有十二个月。	[['A year has twelve months.', 73060.0], ['There are twelve months in a year.', 372062.0], ['One year has twelve months.', 480575.0], ['A year has twelve months.', 73060.0], ['One year has twelve months.', 480575.0], ['There are twelve months in a year.', 372062.0], ['In one year there are twelve months.', 455989.0]]
15	现在我爸爸不在家。	[['My dad is not at home for the moment.', 333479.0]]
16	这不是你的书,这是我的书。	[["This is not your book， it's mine.", 489227.0]]
17	我不工作.	[['I do not work.', 333485.0]]
18	我的朋友十七岁了。	[['My friend is seventeen years old.', 761865.0], ['My friend is seventeen.', 761867.0]]
19	谁是你的汉语老师?	[['Who is your Chinese teacher?', 335141.0]]
20	你家有多少人？	[['How many people are there in your family?', 387554.0], ['How many people are in your family?', 2250675.0]]
21	他明天会在家。	[['He will be at home tomorrow.', 304091.0], ["He'll be back home tomorrow.", 5226673.0]]
22	没关系。	[['No problem.', 551443.0], ["It's OK.", 413756.0], ["It doesn't matter.", 37894.0]]
23	我们是同学。	[["We're classmates.", 247946.0], ['We are classmates.', 2801124.0]]
24	明天会下雨吗？	[['Will it rain tomorrow?', 475766.0], ['Is it going to rain tomorrow?', 1213449.0], ['Is it going to rain tomorrow?', 1213449.0], ['Will it rain tomorrow?', 475766.0]]
25	Ken昨天在家吗？	[['Was Ken at home yesterday?', 62472.0]]
26	她来了！	[["She's coming!", 1211537.0]]
27	这是我的书。	[['This is my book.', 463306.0]]
28	怎么了？	[["What's the matter?", 394894.0], ["What's happened?", 1649962.0], ["What's the matter?", 394894.0]]
29	你想我了？	[['Did you miss me?', 1561.0], ['Do you miss me?', 1230779.0]]
30	我在吃米饭。	[['I am eating rice.', 334464.0], ["I'm eating rice.", 6873303.0]]
31	他明天能来吗？	[['Will he be able to come tomorrow?', 68116.0]]
32	哪本是你的书？	[['Which is your book?', 36873.0], ['Which book is yours?', 37928.0]]
33	你明天这个时候会是在做什么？	[['What will you be doing at this time tomorrow?', 71832.0], ["What'll you be doing at this time tomorrow?", 7852299.0]]
34	Ken的狗很大。	[["Ken's dog is very big.", 387479.0]]
35	他认识很多人。	[['He knows a lot of people.', 294993.0], ['He knows many people.', 1774965.0]]
36	我是中国人。	[['I am Chinese.', 335138.0]]
37	他学习汉语。	[['He studies Chinese.', 288241.0]]
38	是我。	[["It's me.", 42400.0], ['It is I.', 1250346.0]]
39	你是人。	[["You're a human.", 416544.0], ["You're a person.", 433601.0]]
40	我现在30岁了。	[['I am 30 years old now.', 252248.0], ["I'm thirty now.", 2765317.0], ["I'm 30 now.", 5865062.0], ["I'm 30 years old now.", 6872934.0], ["I'm thirty years old now.", 6872935.0]]
41	他在哪里工作？	[['Where does he work?', 335983.0]]
42	我家很大。	[['My house is big.', 250554.0]]
43	我在家。	[['I am at home.', 29049.0], ["I'm at home.", 404046.0]]
44	我不喜欢学校。	[["I don't like school.", 386739.0]]
45	我是这个学校的学生。	[['I am a student of this school.', 253572.0]]
46	那是我们的学校。	[['That is our school.', 67053.0]]
47	明天来看看我。	[['Come and see me tomorrow.', 323473.0]]
48	再见！	[['See you again.', 32635.0], ['See you around.', 32690.0], ['Good-bye!', 64336.0], ['See you later!', 360558.0], ['Goodbye!', 516745.0], ['Bye!', 647456.0], ['Bye!', 647456.0], ['See you.', 1151432.0]]
49	这是一本书。	[['This is a book.', 55399.0]]
50	他很高兴。	[['He is happy.', 296294.0], ["He's happy.", 3340752.0]]
51	什么？	[['What?', 36088.0], ['Excuse me?', 434704.0], ['Say what?', 8453907.0]]
52	这个多少？	[['How much is it?', 2418.0], ['How much does it cost?', 436193.0]]
53	我不爱她。	[["I don't love her.", 261346.0]]
54	这本书很小。	[['This book is very small.', 57014.0]]
55	这是我的狗。	[['This is my dog.', 67056.0]]
56	我想做医生。	[['I want to be a doctor.', 321715.0]]
57	Tom 和 John 是好朋友。	[['Tom and John are good friends.', 37385.0]]
58	这本书是你的吗？	[['Does this book belong to you?', 57052.0]]
59	他是医生吗？	[['Is he a doctor?', 293616.0]]
60	这些书都是我的。	[['All these books are mine.', 372450.0], ['All of these books are mine.', 1360853.0]]
61	他是有钱人家的儿子。	[['He is the son of a wealthy family.', 304463.0]]
62	很多人认识他。	[['Very many people know him.', 1445013.0]]
63	我能叫你Bob吗？	[['Can I call you Bob?', 68814.0]]
64	我的名字叫Hopkins。	[['My name is Hopkins.', 23532.0]]
65	Tom昨天看了电视。	[['Tom watched TV yesterday.', 37132.0]]
66	我昨天很高兴。	[['I was happy yesterday.', 257773.0]]
67	你几岁了？	[['How old are you?', 436243.0]]
68	我能和老师说话吗？	[['Can I speak with the teacher?', 799200.0], ['May I speak with the teacher?', 1265422.0]]
69	他三年写了三本书。	[['He wrote three books in as many years.', 288551.0]]
70	下雨了。	[['It is raining.', 1862.0], ["It's raining.", 456237.0]]
71	你叫什么名字？	[['What is your name?', 70623.0], ["What's your name?", 408293.0]]
72	去看电影怎么样？	[['Why not go to the movies?', 26477.0]]
73	他在看电视。	[['He is watching TV.', 288039.0]]
74	他是个日本少年。	[['He is a Japanese boy.', 302228.0], ["He's a Japanese boy.", 10585988.0]]
75	猫坐在桌子上。	[['The cat is sitting on the table.', 3065763.0], ['The cat is sitting on top of the table.', 535007.0]]
76	这是什么？	[['What is this?', 392210.0], ["What's this?", 413821.0]]
77	他是谁？	[['Who is he?', 347331.0], ["Who's he?", 2203694.0]]
78	太好了！	[['Great!', 395934.0]]
79	他是医生。	[['He is a doctor.', 293611.0], ["He's a doctor.", 5226593.0]]
80	今天是星期一。	[["It's Monday.", 238862.0], ["It's Monday today.", 437971.0]]
81	她看我。	[['She looked at me.', 314431.0]]
82	你好，我叫 Nancy。	[['Hello， I am Nancy.', 242649.0]]
83	我想喝点东西。	[["I'd like something to drink.", 25194.0]]
84	我十八岁。	[['I am eighteen years old.', 282225.0], ["I'm 18 years old.", 699465.0], ['I am 18 years old.', 1103301.0]]
85	我很喜欢看书。	[['I love reading books.', 259747.0]]
86	对不起，我爱你。	[["I'm sorry， I love you.", 352615.0], ["I'm sorry， I love you.", 352615.0]]
87	你是学生吗？	[['Are you a student?', 69521.0], ['Are you a student?', 69521.0]]
88	你不去吗？	[["Won't you go?", 241051.0]]
89	那人是谁？	[['Who is that person?', 450137.0], ['Who is this person?', 488778.0]]
90	她回家了。	[['She went home.', 312850.0]]
91	你想太多了。	[['I think you worry too much.', 241022.0], ['You think too much.', 240995.0], ["You're thinking too much.", 2535041.0], ["You're reading too much into this.", 2535042.0], ["You're reading too much into things.", 2535043.0]]
92	他是个好学生。	[['He is a good student.', 293224.0]]
93	喝点东西吗？	[['Want a drink?', 27379.0]]
94	你想去看电影吗？	[['Do you feel like going to the theater?', 69672.0]]
95	我想你读一读这本书。	[['I want you to read this book.', 17440.0]]
96	他是个好人。	[["He's a good person.", 2368.0], ["He's a good man.", 2258565.0], ["He's a good person.", 2368.0], ['He is a good fellow.', 288943.0], ["He's a good guy.", 1853760.0], ["He's a good man.", 2258565.0], ["He's a good lad.", 2675712.0]]
97	这些书是谁的？	[['Whose books are these?', 55087.0]]
98	你好。	[['Hello!', 373330.0], ['Hi.', 538123.0]]
99	我是好人。	[["I'm a nice guy.", 838729.0], ["I'm a good person.", 1492934.0], ["I'm a nice dude.", 4296662.0]]
100	谢谢你。	[['Thank you!', 374827.0], ['Thank you.', 1876041.0], ['I thank you.', 252766.0]]
101	没关系！	[["It doesn't matter!", 675980.0], ['No problem.', 551443.0]]
102	你是哪里人？	[['Where are you from?', 370703.0]]
103	你什么时候回家？	[['When will you come home?', 24581.0], ['When will you return home?', 868637.0], ['When are you coming home?', 499531.0], ['When are you going home?', 398929.0]]
104	我有很多朋友。	[['I have many friends.', 341634.0], ['I have lots of friends.', 1887361.0], ['I have a lot of friends.', 1970163.0], ["I've got a lot of friends.", 5499276.0], ["I've got plenty of friends.", 2359682.0], ['I have plenty of friends.', 1970165.0]]
105	这是什么东西？	[['What the hell is this?', 380257.0], ["What's this?", 413821.0], ['What is that?', 464592.0], ['What is this?', 392210.0]]
106	我在吃个苹果。	[['I am eating an apple.', 29612.0]]
107	我是一个大学生。	[['I am a university student.', 275627.0], ["I'm at university.", 10657353.0], ["I'm a college student.", 568944.0], ["I'm a university student.", 568945.0], ['I am a college student.', 602532.0], ['I go to university.', 3378098.0], ['I am a student in a university.', 1164903.0], ["I'm a student in a university.", 1332122.0]]
108	我想睡觉。	[['I want to sleep.', 321870.0]]
109	这里很冷。	[['It is very cold here.', 61669.0], ["It's very cold here.", 2713677.0]]
110	大家都认识他的名字。	[['Everybody knows his name.', 276452.0]]
111	一、二、三、四、五、六、七、八、九、十。	[['One， two， three， four， five， six， seven， eight， nine， ten.', 413731.0]]
112	我有好多朋友。	[['I have many friends.', 341634.0]]
113	我们不认识他。	[["We don't know him.", 383016.0]]
114	他有三个女儿。	[['He has three daughters.', 452768.0]]
115	今天星期几？	[['What day is it today?', 476431.0]]
116	上个月是十一月吗？	[['Was last month November?', 707022.0]]
117	这个月是几月？	[['What month is this?', 488730.0]]
118	明天天气会好吗？	[['Will the weather be good tomorrow?', 386687.0]]
119	他怎么没来？	[['What prevented him from coming?', 38630.0], ["How come he didn't show up?", 395264.0]]
120	你今天怎么样？	[['How are you doing today?', 429851.0]]
121	我不想去学校。	[["I don't want to go to school.", 1860.0]]
122	好多了。	[["It's better.", 691604.0]]
123	我一点都不好。	[['I am not well at all.', 259287.0], ["I'm not well at all.", 6873242.0]]
124	你喜欢日本菜吗？	[['Do you like Japanese food?', 281698.0], ['Do you like Japanese cuisine?', 7964616.0]]
125	他和我是老师.	[['He and I are teachers.', 284475.0]]
126	这是DVD。	[['This is a DVD.', 392212.0]]
127	这些是谁的书？	[['Whose books are these?', 55087.0]]
128	我写了这本书。	[['I wrote this book.', 321315.0]]
129	你好，怎么样？	[['Good day， how are you?', 415678.0]]
130	你喜欢什么？	[['What do you like?', 16274.0], ['What are you fond of?', 17393.0]]
131	你是谁？	[['Who are you?', 356200.0], ['Who are you?', 356200.0]]
132	我们昨天不在家。	[["We weren't at home yesterday.", 396391.0]]
133	哪本书是你的？	[['Which is your book?', 36873.0], ['Which book is yours?', 37928.0], ['Which book is yours?', 37928.0]]
134	这本书我昨天买了。	[['I bought the book yesterday.', 257726.0]]
135	你有很多朋友吗？	[['Do you have many friends?', 324418.0]]
136	现在呢？	[['And now?', 397570.0]]
137	钱太多了吗？	[['Too much money?', 18628.0]]
138	是十月三日。	[["It's the third of October.", 73449.0], ["It's October the third.", 398977.0]]
139	我有一个女儿。	[['I have a daughter.', 261892.0]]
140	我喜欢茶。	[['I like tea.', 253293.0]]
141	哪一个你喜欢一点？	[['Which one do you prefer?', 687708.0], ['Which one do you like better?', 1506872.0]]
142	这个东西是你的吗？	[['Is that thing yours?', 498444.0]]
143	是我的，不是他的。	[["It's mine， not his.", 458056.0]]
144	请吃点菜。	[['Please eat something.', 402749.0]]
145	我不在的时候有没有人来？	[['Did anyone come in my absence?', 252066.0]]
146	那你是怎么做的？	[['What did you do then?', 43167.0], ['How did you do that?', 759358.0]]
147	桌子上有本书。	[['There is a book on the table.', 39600.0]]
148	我不是来了吗？	[["I came， didn't I?", 405503.0]]
149	你在家里吗？	[['Are you at home?', 405500.0]]
150	我没有猫。	[['I do not have a cat.', 259880.0], ["I don't have a cat.", 881861.0]]
151	你是怎么认识他的？	[['How did you get to know him?', 38626.0]]
152	家里有没有人？	[['Is anybody home?', 276298.0], ['Is there anybody in the house?', 788244.0]]
153	在下雨。	[['It is raining.', 1862.0], ["It's raining.", 456237.0]]
154	我们三个都是学生。	[['All three of us are students.', 410486.0]]
155	有什么喝的吗？	[['Do you have any drinks?', 410497.0]]
156	昨天的天气很热。	[['It was hot yesterday.', 244519.0]]
157	Bob是我朋友。	[['Bob is my friend.', 33182.0]]
158	请坐一下。	[['Please sit down.', 415594.0], ['Please have a seat.', 38572.0]]
159	你想吃什么？	[['What do you want to eat?', 372015.0], ['What would you like to eat?', 400191.0]]
160	你想喝什么？	[['What would you like to drink?', 24765.0]]
161	你怎么没有来？	[["Why didn't you come?", 24657.0]]
162	我想喝点什么。	[['I would like something to drink.', 419708.0], ['I want something to drink.', 25192.0], ["I'd like something to drink.", 25194.0]]
163	你现在在做什么？	[['What are you doing?', 16492.0], ['What are you doing right now?', 569284.0], ['What are you doing now?', 241947.0]]
164	这东西多少钱？	[['How much does this cost?', 432824.0], ['How much is this thing?', 998434.0]]
165	我明天能来。	[['I can come tomorrow.', 421381.0]]
166	你喜欢吗 ?	[['Like it?', 20386.0], ['You like it?', 424901.0], ['Do you like it?', 433500.0]]
167	他六点回来了。	[['He returned at six.', 761927.0]]
168	这是日本。	[['Here is Japan.', 453454.0]]
169	太多了。	[["That's too much.", 31571.0]]
170	他有三个儿子。	[['He has three sons.', 430778.0]]
171	你认识他吗?	[['Do you know him?', 69003.0]]
172	我喜欢吃苹果。	[['I like to eat apples.', 255926.0]]
173	你好，Roger。我很好！	[["Hi， Roger. I'm doing well.", 451769.0]]
174	我想吃点东西。	[["I'd like something to eat.", 25078.0], ['I want something to eat.', 25072.0], ['I want to eat something.', 256362.0]]
175	你回来了吗？	[["You've come back?", 448189.0]]
176	今天天气很热。	[["It's hot today.", 242881.0]]
177	有人吗？	[['Is anybody here?', 276105.0]]
178	他多大了？	[['How old is he?', 288982.0]]
179	你爱我吗？	[['Do you love me?', 321497.0]]
180	他来了没有？	[['Has he come yet?', 293048.0]]
181	看这本书。	[['Read this book.', 56828.0]]
182	这是你的狗。	[['This is your dog.', 461910.0]]
183	那是什么？	[["What's that?", 66989.0], ["What's this?", 413821.0], ['What is that?', 464592.0], ['What is over there?', 25235.0], ["What's that?", 66989.0], ['What is that?', 464592.0]]
184	我不喜欢这个。	[["I don't like this one.", 55765.0]]
185	大家好！	[['Hi， everybody!', 466652.0], ['Hello everyone!', 854117.0], ['Hello everybody!', 1181558.0], ['Hello all!', 2969508.0], ['Hi， everyone!', 10625665.0], ['Hi， everybody.', 3924471.0]]
186	你去看医生了吗？	[['Did you go to the doctor?', 28063.0], ['Did you see a doctor?', 28040.0]]
187	我的工作是什么？	[['What are my tasks?', 464500.0]]
188	电影好看吗？	[['Was the movie good?', 26452.0]]
189	你是怎么认识她的？	[['How did you come to know her?', 16493.0]]
190	他很少来看我。	[['He seldom comes to see me.', 293034.0]]
191	你现在是大人了。	[['You are now an adult.', 16387.0]]
192	我冷。	[['I am cold.', 436325.0], ["I'm cold.", 455947.0]]
193	这是你的家人吗？	[['Is this your family?', 2661923.0]]
194	那是我的猫。	[["That's my cat.", 471758.0]]
195	看！她来了！	[['There! She comes!', 43221.0]]
196	对不起。	[["I'm sorry.", 38387.0], ['Excuse me.', 433504.0], ['Sorry.', 3378159.0]]
197	少了什么？	[['What is missing?', 25227.0]]
198	开电视。	[['Turn on the TV.', 1180903.0]]
199	你好吗？	[['How is it going?', 38308.0], ['How are you doing?', 38926.0], ["How's it going?", 277972.0], ['How are you?', 373320.0], ["How're you doing?", 1849719.0], ['How are you?', 373320.0]]
200	你是大学生吗？	[['Are you a college student?', 275628.0]]
201	那不是猫。那是狗。	[["That's not a cat. That's a dog.", 475485.0], ["That's not a cat. It's a dog.", 475753.0]]
202	我现在能去了吗？	[['May I go now?', 2846104.0]]
203	是的。	[['Yes.', 477086.0]]
204	你在吗？	[['Are you there?', 30970.0]]
205	他有很多钱。	[['He has a lot of money.', 480576.0], ['He has lots of money.', 1311867.0]]
206	他是不是医生？	[['Is he a doctor?', 293616.0]]
207	我住了一个星期的医院。	[['I was in the hospital for a week.', 27717.0], ['I was in hospital for a week.', 3290268.0], ['I spent a week in the hospital.', 2732569.0], ['I spent a week in hospital.', 2338695.0]]
208	现在他做什么？	[['What is he doing now?', 296533.0]]
209	他是我太太认识的一个人。	[['He is acquainted with my wife.', 297857.0]]
210	这个人是谁？	[['Who is this person?', 488778.0]]
211	他是我的朋友。	[['He is my friend.', 298009.0], ["He's my friend.", 555114.0]]
212	这是谁的书？	[['Whose book is this?', 54871.0], ['Whose book is that?', 67044.0], ['Whose book is this?', 54871.0]]
213	我看电视。	[['I watch television.', 39164.0]]
214	很高兴认识你。	[['I am delighted to meet you.', 71174.0], ["It's nice meeting you.", 712979.0], ["I'm glad to know you.", 64648.0], ['Nice to meet you.', 499617.0], ["It's a pleasure to make your acquaintance.", 3722170.0], ['Nice to meet you.', 499617.0]]
215	这些东西不是我的！	[["These things aren't mine!", 1652.0]]
216	几点了？	[['What time is it?', 428402.0], ['What time is it?', 428402.0]]
217	没有人来了。	[['No one came.', 2238072.0]]
218	你有一些书。	[['You have some books.', 16791.0]]
219	你太太怎么样？	[['How is your wife?', 879669.0]]
220	我会回来的。	[["I'll come back.", 261982.0]]
221	你十岁了吗？	[['Are you ten years old?', 69226.0], ['Are you ten?', 4321203.0]]
222	他不喜欢我们。	[['He does not like us.', 773913.0]]
223	我16岁了。	[['I turned 16.', 2846027.0], ['I am sixteen years old.', 258523.0], ["I'm sixteen years old.", 4002431.0], ['I am 16 years old.', 9014373.0], ["I'm sixteen.", 9352975.0]]
224	这很好。	[['This is very good.', 55871.0]]
225	我有一本书。	[['I have a book.', 2793249.0]]
226	这个学校有很多学生。	[['This school has many students.', 59930.0]]
227	人不吃人。	[["Man doesn't eat man.", 541842.0]]
228	这是火车站吗？	[['Is that the railroad station?', 403071.0]]
229	我是大学生。	[['I am a university student.', 275627.0], ["I'm a college student.", 568944.0], ["I'm a university student.", 568945.0], ["I'm at university.", 10657353.0], ['I go to university.', 3378098.0], ['I am a college student.', 602532.0], ['I am a student in a university.', 1164903.0], ["I'm a student in a university.", 1332122.0]]
230	这本书的名字是什么？	[['What is the title of the book?', 43949.0], ["What's the title of the book?", 7810470.0]]
231	我回来了。	[["I'm back.", 564159.0], ['I have returned.', 695250.0], ["I've returned.", 895096.0]]
232	他想明天去看你。	[['He will come to you tomorrow.', 304079.0]]
233	你太漂亮了！	[["You're so beautiful!", 385394.0]]
234	我想她不会在家里。	[['I do not think that she is at home.', 312847.0]]
235	我很喜欢苹果。	[['I like apples.', 262240.0], ['I love apples.', 452809.0]]
236	我有几个好朋友。	[['I have several good friends.', 249862.0]]
237	你的学校有多少个学生？	[['How many pupils are there in your school?', 17284.0]]
238	哪个是我的？	[['Which is mine?', 38002.0], ['Which one is mine?', 1432893.0]]
239	今天是星期六。	[['Today is Saturday.', 661572.0]]
240	请坐。	[['Sit down， please.', 38571.0], ['Please take a seat.', 38593.0], ['Please take your seat.', 64719.0], ['Sit down.', 1553397.0]]
241	我喜欢看电影。	[['I am fond of the cinema.', 256157.0], ['I like movies.', 521655.0], ['I love going to the movies.', 511906.0], ['I like watching movies.', 684673.0]]
242	你多大了？	[['How old are you?', 436243.0]]
243	他在睡觉吗?	[['Is he sleeping?', 299819.0]]
244	昨天我十点去睡觉了。	[['I went to bed at ten yesterday.', 1113624.0], ['Yesterday， I went to bed at ten.', 10135309.0]]
245	他叫什么名字？	[['What is his name?', 287637.0]]
246	想喝什么？	[['What do you want to drink?', 400184.0]]
247	大家都喜欢他。	[['Everybody likes him.', 451281.0], ['Everybody loves him.', 505722.0], ['Everyone loves him.', 506442.0], ['He is liked by everybody.', 292994.0]]
248	吃了没。	[['Have you eaten?', 953286.0]]
249	很多学生买了这本书。	[['Many students bought the book.', 274912.0], ['Many students bought the book.', 274912.0]]
250	我有很多书。	[['I have many books.', 254923.0], ['I have a lot of books.', 885290.0]]
251	我没有钱。	[['I have no money.', 433613.0], ["I don't have money.", 868955.0]]
252	你呢？	[['How about you?', 16491.0], ['And you?', 524168.0], ['What about you?', 1642551.0]]
253	不客气。	[["You're welcome.", 403068.0], ['You are welcome.', 687904.0]]
254	你想喝点东西吗？	[['Do you want something to drink?', 64760.0]]
255	他今天下午会来的。	[['He will come this afternoon.', 296197.0]]
256	很好，谢谢。	[['Fine， thanks.', 707195.0]]
257	我家没有电脑。	[["I don't have a computer at home.", 708138.0]]
258	我能吃这个吗?	[['May I eat this?', 710394.0]]
259	你今天几点回家？	[['What time will you go home today?', 717295.0]]
260	请叫我 Taro。	[['Please call me Taro.', 275173.0]]
261	我叫他来的。	[['I told him to come.', 260501.0]]
262	你住这里吗?	[['Do you live here?', 15882.0]]
263	她很漂亮。	[['She is beautiful.', 410244.0], ["She's beautiful.", 795927.0], ["She's pretty.", 795929.0]]
264	我叫Andrea。	[['My name is Andrea.', 378663.0]]
265	你住哪里？	[['Where do you live?', 370708.0]]
266	我学习。	[['I study.', 750342.0]]
267	多少苹果？	[['How many apples are there?', 1164076.0]]
268	我爱她。	[['I love her.', 261221.0], ['I love her.', 261221.0]]
269	多少钱?	[['How much is it?', 2418.0], ['How much does it cost?', 436193.0]]
270	我喜欢你。	[['I like you.', 410751.0], ['I like you.', 410751.0]]
271	我爱上了你。	[['I fell in love with you.', 762039.0]]
272	这本书不是我的。	[["This book isn't mine.", 726366.0]]
273	不, 我没有。	[["No， I don't have it.", 1016240.0]]
274	今天下午会下雨吗？	[['Will it rain this afternoon?', 240052.0]]
275	Bill有很多朋友。	[['Bill has many friends.', 34569.0], ['Bill has a lot of friends.', 439346.0]]
276	Bill的朋友很多。	[['Bill has many friends.', 34569.0]]
277	你喜欢吃什么？	[['What do you like to eat?', 370691.0]]
278	他不在家。	[["He's not home.", 1310853.0], ["He isn't home.", 2931499.0], ["He isn't at home.", 1842272.0]]
279	我什么都没看见。	[["I didn't see anything.", 1034660.0], ['I did not see anything.', 8121228.0], ["I haven't seen anything.", 2360239.0], ["I haven't seen a thing.", 3096257.0], ['I saw nothing.', 256395.0]]
280	有人打电话来。	[['Someone called.', 765402.0]]
281	是, 我来了。	[["Yes， I'm coming.", 72123.0]]
282	这本书是你的。	[['This book is yours.', 236799.0]]
283	我请你。	[["I'll treat you.", 17568.0]]
284	我想没关系。	[["I think it's OK.", 433884.0], ["I think that it's OK.", 8385932.0], ["I think it's fine.", 2407944.0]]
285	她不喜欢他。	[['She disliked him.', 388372.0], ["She didn't like him.", 388373.0]]
286	很大, 不是吗?	[["Large， isn't it?", 435613.0]]
287	这是你零钱。	[['Here is your change.', 2421.0]]
288	对不起, 我没有零钱。	[["I'm sorry， I don't have change.", 2425.0]]
289	我们喜欢看电视。	[['We enjoyed watching the TV.', 248056.0], ['We enjoyed watching TV.', 588352.0]]
290	你昨天没来学校, 是吗?	[["You didn't come to school yesterday， did you?", 16114.0]]
291	你想做什么?	[['What do you intend to do?', 16259.0]]
292	这个太大了。	[['This is too big.', 55535.0]]
293	她想去哪里?	[['Where does she want to go?', 776135.0]]
294	他想去哪里?	[['Where does he want to go?', 776134.0]]
295	认识他的人都爱他。	[['He was loved by everyone that knew him.', 777583.0]]
296	请。	[['Please.', 393357.0]]
297	你几岁?	[['How old are you?', 436243.0]]
298	这水很好喝。	[['This water tastes good.', 58297.0]]
299	她昨天去那里。	[['She went there yesterday.', 313813.0]]
300	这些是人。	[['These are people.', 463120.0]]
301	叫什么名字?	[["What's your name?", 408293.0]]
302	今天没昨天冷。	[['It is less cold today than it was yesterday.', 242847.0]]
303	你有多少朋友？	[['How many friends do you have?', 569276.0]]
304	他去了商店。	[['He went to the store.', 485111.0]]
305	谁是你老师？	[['Who is your teacher?', 17660.0]]
306	你爸爸在哪里？	[["Where's your father?", 2254680.0]]
307	我是Tom Hunter。	[["I'm Tom Hunter.", 33513.0]]
308	我的没有你的好。	[['Mine is not so good as yours.', 251798.0]]
309	明天怎么样？	[['How about for tomorrow?', 323131.0]]
310	你几点回家？	[['What time do you go home?', 70296.0]]
311	你有吗？	[['Do you have one?', 16547.0], ['Do you have some?', 10061387.0], ['Do you have any?', 5328742.0]]
312	你的东西在哪里?	[['Where are your things?', 17110.0]]
313	我很好。	[["I'm fine.", 257272.0]]
314	他是老师吗?	[['Is he a teacher?', 300638.0]]
315	他来看我了。	[['He came to see me.', 297579.0]]
316	这是我女儿。	[['This is my daughter.', 61484.0]]
317	你儿子几岁?	[['How old is your son?', 436251.0]]
318	没有椅子坐。	[["There's no chair to sit upon.", 243640.0]]
319	我在星期日不工作。	[['Sunday is not a workday for me.', 281841.0]]
320	我有了吗？	[['Am I pregnant?', 434202.0]]
321	天气好冷。	[["It's freezing.", 52011.0]]
322	我妈妈很漂亮。	[['My mother is beautiful.', 250277.0]]
323	请写下你的名字。	[['Please write down your name.', 70355.0]]
324	我朋友都叫我Beth。	[['My friends call me Beth.', 324421.0]]
325	来一下！	[['Come here!', 5295840.0]]
326	下午好。	[['Good afternoon.', 499689.0]]
327	我想你。	[['I missed you.', 407574.0]]
328	他在20岁的时候写了这本书。	[['He wrote this book at the age of twenty.', 288476.0]]
329	我爱上了她。	[['I fell in love with her.', 308938.0]]
330	零在一前面。	[['Zero comes before one.', 682520.0]]
331	他是我的菜!	[['He is my type!', 284379.0]]
332	没有人听我的。	[['No one listened to me.', 817944.0]]
333	这里，现在。	[['Here and now.', 3527401.0]]
334	我们去学校学习。	[['We go to school to study.', 249354.0]]
335	我不是学生。	[["I'm not a student.", 258994.0], ['I am not a student.', 1354298.0]]
336	不，我没去。	[["No， I didn't go.", 516735.0]]
337	那是很大的。	[["That's very big.", 450005.0]]
338	那是一本书。	[["That's a book.", 515535.0]]
339	昨天下雨了。	[['It rained yesterday.', 63300.0]]
340	我会做的。	[["I'll do it.", 433474.0], ['I will do it.', 2861785.0]]
341	你是日本人吗？	[['Are you Japanese?', 515572.0], ['Are you Japanese?', 515572.0]]
342	我不想一个人住。	[["I don't want to live alone.", 662603.0]]
343	她八十一岁了。	[['She turned eighty-one.', 388583.0]]
344	他爱她。	[['He loves her.', 394633.0]]
345	我爱电影。	[['I love movies.', 521657.0]]
346	我不认识她。	[["I don't know her.", 387602.0]]
347	这些是你的东西吗？	[['Are these your things?', 442733.0]]
348	这里有一本书。	[['Here is a book.', 61725.0], ["There's a book here.", 515536.0]]
349	那是你的书。	[['That is your book.', 67105.0]]
350	你会做什么？	[['What will you make?', 511883.0]]
351	她是我的同学。	[["She's my classmate.", 321453.0]]
352	你怎么样？	[['How about you?', 16491.0]]
353	那你呢?	[['How about you?', 16491.0]]
354	我认识他。	[['I know him.', 71751.0]]
355	你喜欢吗？	[['Do you like it?', 433500.0]]
356	我在他后面。	[["I'm behind him.", 403370.0]]
357	那些狗都很大。	[['Those dogs are big.', 67020.0]]
358	她在做什么？	[["What's she doing?", 388890.0]]
359	请坐下。	[['Please sit down.', 415594.0]]
360	他喜欢看电视。	[['He likes to watch TV.', 291890.0], ['He likes watching TV.', 388834.0]]
361	我不喜欢电影。	[["I don't like movies.", 419109.0]]
362	这些狗很大。	[['These dogs are big.', 55306.0]]
363	这是你的书。	[['This is your book.', 55976.0], ['Here is your book.', 70392.0]]
364	我不喜欢她。	[["I don't like her.", 261041.0]]
365	那太好了，不是吗？	[["That's good， isn't it?", 435579.0]]
366	我来了。	[['I am coming.', 65918.0], ['I came.', 453551.0], ['I came.', 453551.0]]
367	我在这里吃。	[['I eat here.', 449105.0]]
368	你做什么？	[['What are you doing?', 16492.0], ['What do you make?', 511884.0]]
369	我好高兴。	[["I'm so happy.", 321673.0], ["I'm very happy.", 255245.0], ['I am very happy.', 2811840.0]]
370	我会很高兴看见你。	[['I would so love to see you.', 826782.0]]
371	现在几点？10点。	[['What time is it now? "It\'s 10 o\'clock."', 826485.0]]
372	你能来吗？	[['Can you come?', 38302.0]]
373	天气怎么样？	[["What's the weather like?", 442070.0], ['What is the weather like?', 5205265.0], ["What's the weather like?", 442070.0], ["How's the weather?", 36584.0], ['How is the weather?', 64158.0]]
374	有人在叫你。	[['Someone is calling you.', 40469.0]]
375	你买了什么？	[['What did you buy?', 24674.0]]
376	你是她的女儿。	[["You're her daughters.", 20098.0]]
377	我能看那个吗？	[['Can I see that one?', 66995.0]]
378	明天他会回来。	[['He will be back tomorrow.', 304103.0]]
379	我不是个老师。	[['I am not a teacher.', 259070.0]]
380	昨天他喝了很多。	[['He drank a lot yesterday.', 435643.0]]
381	你没有钱吗？	[["Don't you have any money?", 409018.0]]
382	我能看看这个吗？	[['Can I see this one?', 54971.0]]
383	我很喜欢电影。	[['I like movies a lot.', 521656.0]]
384	我爱上她了。	[["I'm in love with her.", 394631.0]]
385	我想去那里。	[['I wanted to go there.', 29011.0], ['I want to go there.', 2011409.0]]
386	今天很热，不是吗?	[["It's hot today， isn't it?", 242884.0]]
387	不，我没写。	[["No， I didn't write it.", 516734.0]]
388	这是我的CD，不是吗？	[["It's my CD， isn't it?", 433737.0]]
389	她有一点钱。	[['She had a little money.', 315020.0]]
390	我不会再见她。	[["I won't see her again.", 394803.0]]
391	我下个月会来看你。	[["I'll see you next month.", 325025.0]]
392	她没有很多钱。	[["She didn't have much money.", 312185.0]]
393	你能请个医生来吗？	[['Could you call a doctor， please?', 27899.0]]
394	你在这里做什么？	[['What are you doing here?', 61908.0]]
395	你想喝点什么吗？	[['Would you like to drink anything?', 25196.0], ['Would you like a drink?', 435197.0], ['Do you want to drink anything?', 3871322.0], ['Would you like something to drink?', 1504.0], ['Do you want something to drink?', 64760.0], ['Would you like anything to drink?', 431583.0], ['Would you care for something to drink?', 36311.0], ['Do you want a drink?', 562850.0]]
396	我现在很高兴。	[["I'm very happy now.", 241700.0]]
397	他昨天来看你。	[['He came to see you yesterday.', 283672.0]]
398	天气冷了。	[['The weather is cold now.', 841847.0], ['The weather is getting cold.', 3703616.0]]
399	她是医生了。	[["She's a doctor now.", 841852.0]]
400	苹果买不了了！	[["You can't buy apples any more!", 841873.0], ['Apples have sold-out!', 841874.0]]
401	她和我是同学。	[['She and I are classmates.', 321410.0]]
402	你昨天去哪里了？	[['Where did you go yesterday?', 63281.0]]
403	我们叫我们的狗Johnnie。	[['We call our dog Johnnie.', 65561.0]]
404	有很多人。	[['There were lots of people.', 275545.0]]
405	这不是钱。	[["This isn't money.", 1048420.0]]
406	我不喝水。	[["I don't drink water.", 1496058.0]]
407	我在学校读书。	[['I study at school.', 256661.0]]
408	她是昨天去的。	[['It was yesterday that she went.', 844451.0]]
409	我能些吃的东西吗？	[['Can I have something to eat?', 25071.0]]
410	今天天气怎么样？	[["What's the weather like today?", 687484.0], ["How's the weather today?", 6106242.0]]
411	请你写下来好吗？	[['Could you write it down， please?', 267129.0]]
412	她现在不在家。	[["She isn't at home now.", 388866.0]]
413	你在看什么？	[['What are you looking at?', 16256.0], ['What are you staring at?', 16662.0], ['What are you reading?', 24676.0], ['What are you looking at?', 16256.0], ["What're you looking at?", 2645646.0], ['What are you reading?', 24676.0], ["What're you reading?", 2548014.0], ['What are you watching?', 1841548.0], ['What are you reading right now?', 7033260.0], ["What're you watching?", 2547474.0]]
414	你想去吗？	[['Would you like to go?', 69445.0], ['Do you want to go there?', 2011853.0]]
415	你有多少钱？	[['How much money do you have?', 64597.0], ['How much money have you got?', 2915906.0], ['How much money do you have?', 64597.0], ['How much money have you got?', 2915906.0]]
416	你有多少本书？	[['How many books do you have?', 16254.0]]
417	我昨天都没读书。	[["I didn't study at all yesterday.", 257788.0]]
418	他不会听我的。	[['He will not listen to me.', 291954.0]]
419	我喜欢狗和猫。	[['I like both dogs and cats.', 28947.0]]
420	昨天不是很冷。	[['It was not very cold yesterday.', 244476.0]]
421	这些钱都不是你的。	[['None of the money is yours.', 50597.0]]
422	她昨天去了医院。	[['She went to the hospital yesterday.', 313808.0]]
423	我昨天去了医院。	[['I went to the hospital yesterday.', 244671.0]]
424	你不吃没关系。	[["It's OK not to eat it.", 435766.0]]
425	今天下午天气会很好。	[['It will be fine this afternoon.', 242537.0]]
426	我明天会来看你。	[["I'm coming to see you tomorrow.", 323474.0]]
427	我昨天住在他家。	[['I stayed at his place yesterday.', 244534.0]]
428	我妈妈很喜欢茶。	[['My mother likes tea very much.', 251830.0], ['My mum likes tea very much.', 758894.0]]
429	我在中国学习了十个月了。	[["I've been studying in China for ten months.", 858900.0]]
430	我看见他在看我。	[['I saw him looking at me.', 283746.0]]
431	我想看医生。	[["I'd like to see a doctor.", 28045.0]]
432	我是Alan Tate，Terry Tate的儿子。	[["I'm Alan Tate， Terry Tate's son.", 253030.0]]
433	我明天会回日本。	[["I'll come back to Japan tomorrow.", 261943.0]]
434	我去学校。	[['I go to school.', 472089.0], ['I go to school.', 472089.0]]
435	你很漂亮。	[["You're very pretty.", 863589.0]]
436	她很漂亮，不是吗？	[["She is very pretty， isn't she?", 311742.0]]
437	你和我是好朋友。	[['You and I are good friends.', 17588.0]]
438	你是医生吗？	[['Are you a doctor?', 502228.0]]
439	我一点钱都没有。	[["I don't have any money.", 433614.0], ['I have no money at all.', 1539907.0]]
440	我很好，谢谢。	[["I'm very well， thank you.", 868568.0]]
441	没有人在家。	[["There wasn't anybody in the house.", 24161.0]]
442	你想做什么？	[['What do you want to do?', 24759.0]]
443	你想吃点东西吗？	[['Would you like to eat something?', 450089.0], ['Would you like something to eat?', 1830481.0], ['Do you feel like eating something?', 2298867.0], ['Do you want something to eat?', 1799703.0], ['Do you want to eat something?', 2385314.0], ['Do you want to eat anything?', 1801132.0], ['Do you want anything to eat?', 69619.0]]
444	你不会来，是吗？	[['You are not coming， are you?', 237634.0], ["You're not coming， are you?", 2713251.0], ["You aren't coming， are you?", 6898313.0]]
445	你的狗怎么了？	[["What's become of your dog?", 17244.0], ["What's wrong with your dog?", 3426105.0]]
446	我们认识他。	[['We know him.', 262783.0]]
447	我现在想回家了。	[['I would like to go home now.', 39487.0]]
448	你想去哪里?	[['Where do you want to go?', 38104.0]]
449	你爸爸什么时候回家？	[['When did your father come home?', 64078.0]]
450	他想在医院工作。	[['He wants to work in a hospital.', 303089.0]]
451	我明天不会去学校。	[['I will not go to school tomorrow.', 261934.0]]
452	他是我们学校的老师。	[['He is a teacher at our school.', 297391.0]]
453	我不是很喜欢那里的商店。	[["I don't really like the stores there.", 31122.0]]
454	他喝很少的水。	[['He drank very little of the water.', 291072.0]]
455	我想吃	[['I would like to eat.', 895907.0]]
456	我想去看电影。	[['I feel like going to the movies.', 256163.0], ["I'd like to go to the movies.", 26447.0]]
457	我是谁？	[['Who am I?', 259378.0]]
458	她是你妈妈吗?	[['Is she your mother?', 310268.0]]
459	我在哪里？	[['Where am I?', 255212.0]]
460	我听你的。	[['I heard you.', 885698.0]]
461	我想买点东西吃。	[['I want to buy something to eat.', 256365.0]]
462	我想现在喝冷的东西。	[['I want something cold to drink now.', 321814.0]]
463	她现在八十一岁了。	[['She is now eighty-one years old.', 388584.0]]
464	你喜欢下雨吗？	[['Do you like rain?', 434604.0], ['Do you like rain?', 434604.0]]
465	我妈妈现在在医院。	[['My mother is in the hospital now.', 320717.0]]
466	爸爸回家了。	[['Father came home.', 318837.0]]
467	我想家了。	[['I feel homesick.', 33712.0]]
468	你不会来我家吗?	[["Won't you come over to my place?", 65597.0]]
469	爱是什么？	[['What is love?', 515085.0], ["What's love?", 9359671.0]]
470	她不是医生吗？	[["Isn't she a doctor?", 312528.0]]
471	Luke，我是你的爸爸。	[['Luke， I am your father.', 857305.0]]
472	Luke，我是你的儿子。	[['Luke， I am your son.', 917764.0]]
473	昨天我买了这个。	[['I bought this yesterday.', 54958.0]]
474	我很高兴我在那里。	[["I'm glad I was there.", 254082.0]]
475	Felicja喜欢看电视。	[['Felicja enjoys watching TV.', 919640.0], ['Felicja likes to watch TV.', 1264964.0]]
476	对不起，她不在这里。	[["I'm sorry she's not here.", 308014.0]]
477	我昨天去看了电影。	[['I went to see the movies yesterday.', 257754.0]]
478	我喜欢去学校	[['I like to go to school.', 922269.0]]
479	我是个老师。	[["I'm a teacher.", 256929.0], ['I am a teacher.', 259069.0]]
480	你是我的朋友。	[['You are my friend.', 370562.0], ["You're my friend.", 1895595.0]]
481	你喝了什么？	[['What did you drink?', 619660.0], ['What were you drinking?', 4498171.0]]
482	我买了一本书。	[['I bought a book.', 256043.0]]
483	她认识你吗？	[['Does she know you?', 313373.0]]
484	这狗是我的。	[['This dog is mine.', 983943.0]]
485	他有太多书。	[['He has too many books.', 302096.0]]
486	你喜欢中国吗？	[['Do you like China?', 1020310.0]]
487	你读了那本书吗？	[["You've already read the book?", 894811.0]]
488	我是老师。	[["I'm a teacher.", 256929.0], ['I am a teacher.', 259069.0]]
489	他没有很多钱。	[["He doesn't have much money.", 1060022.0]]
490	有很多钱。	[['There is a lot of money.', 18597.0]]
491	是Edward。	[['This is Edward.', 1076011.0]]
492	今天很冷。	[["It's cold today.", 242809.0]]
493	认识你很高兴	[['Very happy to meet you.', 1159691.0]]
494	他喜欢中国吗?	[['Does he like China?', 1098265.0]]
495	是吗？	[['Is that so?', 1120776.0]]
496	这是猫吗？	[['Is that a cat?', 67092.0]]
497	你一个人吗？	[['Are you alone?', 399354.0]]
498	他会来的。	[['He will come.', 304552.0]]
499	我今天不想工作。	[["I don't want to work today.", 1140505.0]]
500	明天是星期六吗？	[['Will it be Saturday tomorrow?', 852079.0], ['Is tomorrow Saturday?', 1163476.0]]
501	他在看书。	[['He is reading a book.', 296638.0], ['He is reading.', 1530689.0], ['He reads a book.', 2132744.0], ["He's reading.", 3128075.0], ['He reads.', 8475538.0]]
502	你是学生。	[['You are a student.', 1163562.0], ['You are a student.', 1163562.0], ["You're a student.", 10048125.0]]
503	你喜欢学校吗?	[['Do you like school?', 1098292.0]]
504	你认识她吗？	[['Do you know her?', 317616.0]]
505	她是日本人。	[['She is Japanese.', 1163570.0]]
506	她在家吗?	[['Is she at home?', 312846.0], ['Is she home?', 10024550.0]]
507	他喜欢这本书。	[['He likes this book.', 1098286.0]]
508	他在医院。	[['He is in hospital.', 378501.0], ["He's in the hospital.", 1305753.0], ["He's in hospital.", 1496929.0]]
509	我会想你。	[["I'll miss you.", 71632.0]]
510	这些书和衣服都是你的。	[['These books and clothes are all yours.', 1171783.0]]
511	在这里吗？	[['Is it here?', 1213514.0]]
512	很好看。	[['Looks really nice.', 322160.0]]
513	今天是星期日。	[['Today is Sunday.', 63119.0]]
514	她是Betty。	[['She is Betty.', 312150.0]]
515	你爱读书吗？	[['Do you like to study?', 70275.0]]
516	昨天天气冷吗？	[['Was it cold yesterday?', 244510.0]]
517	叫Ishmael。	[['Call Ishmael.', 1074934.0]]
518	我的爸爸现在不在家。	[['My dad is not home at the moment.', 453910.0]]
519	你喜欢做菜吗？	[['Do you like cooking?', 953202.0]]
520	有人在吃东西。	[['Somebody is eating.', 1120818.0]]
521	昨天我去了那里。	[['I went there yesterday.', 257721.0]]
522	我不爱你。	[["I don't love you.", 1213414.0]]
523	请坐！	[['Please sit down!', 1222430.0]]
524	读！	[['Read!', 1157647.0]]
525	我喜欢吃。	[['I like to eat.', 773320.0]]
526	有好多学生都没来学校。	[['A great many students were absent from school.', 275777.0]]
527	我不喜欢大狗。	[["I don't like big dogs.", 1245327.0]]
528	我的医生叫什么名字？	[["What's the name of my doctor?", 687468.0]]
529	我和他是朋友。	[["I'm friends with him.", 1283961.0], ['Me and him are friends.', 1283963.0]]
530	下雨吗？	[['Is it raining?', 1289095.0]]
531	谁来了？	[['Who has come?', 980780.0], ['Who came?', 2203607.0]]
532	我认识了他有十年了。	[["I've known him for ten years.", 1305932.0]]
533	你是不是想坐下？	[['Do you want to sit down?', 64486.0]]
534	这是你的吗？	[['Is it yours?', 42344.0]]
535	这是谁的？	[['Whose is this?', 2302.0], ['Whose is it?', 873579.0]]
536	你有东西吃吗？	[['Do you have anything to eat?', 25073.0]]
537	你喜欢一个人吗？	[['Do you like to be alone?', 680161.0]]
538	你喜欢苹果吗？	[['Do you like apples?', 29617.0]]
539	我想今天下午不会下雨。	[["I don't think it'll rain this afternoon.", 1186758.0]]
540	我喜欢中国。	[['I like China.', 1098224.0]]
541	你是我妈妈。	[['You are my mother.', 1097988.0]]
542	今天的天气怎么样？	[['How is the weather today?', 242617.0]]
543	他有一个女儿。	[['He had one daughter.', 322866.0]]
544	我不喜欢。	[["I don't like this.", 55767.0], ["I don't like that.", 1121360.0], ["I don't like it.", 2271878.0]]
545	他是日本人吗？	[['Is he Japanese?', 1123762.0]]
546	他会不会写这个字？	[['Can he write this character?', 57223.0]]
547	不是有一点小吗?	[["Isn't it a bit small?", 619708.0]]
548	你会来，我很高兴。	[["I'm glad that you will come.", 3618398.0]]
549	她是我女儿。	[["She's my daughter.", 724401.0], ['She is my daughter.', 724404.0]]
550	你喜欢这本书吗？	[['Do you like this book?', 1098272.0]]
551	她一个朋友都没有。	[["She doesn't have any friends.", 317270.0]]
552	他喜欢茶。	[['He likes tea.', 1098268.0]]
553	他明天会来。	[['He will come tomorrow.', 304126.0]]
554	我们是好朋友。	[['We are good friends.', 249493.0], ["We're good friends.", 2548495.0]]
555	没有水。	[['There is no water.', 270745.0], ["There's no water.", 1349700.0]]
556	我不会再见他了。	[['I will not see him any more.', 255792.0], ["I won't see him anymore.", 1524231.0]]
557	她不会读书写字。	[["She can't write or read.", 1442138.0]]
558	那个时候，我在家。	[['I was at home then.', 46975.0]]
559	你现在在哪里呢？	[['Where are you now?', 679375.0]]
560	我住在这。	[['I live here.', 444986.0]]
561	你想吃吗？	[['Do you want to eat?', 773323.0]]
562	明天会下雨。	[['Tomorrow it will rain.', 1507036.0]]
563	她叫他坐下。	[['She asked him to sit down.', 316254.0]]
564	我的名字是Ludwig。	[['My name is Ludwig.', 854501.0]]
565	我叫Ludwig。	[['My name is Ludwig.', 854501.0]]
566	爱喜欢爱。	[['Love loves love.', 477374.0]]
567	爱爱爱。	[['Love loves love.', 477374.0]]
568	你没看见那个人吗？	[["Didn't you see the man?", 1538711.0]]
569	我太高兴了！	[["I'm too happy!", 1539551.0]]
570	我昨天买了一本书。	[['I bought a book yesterday.', 244674.0], ['Yesterday I bought a book.', 453344.0], ['Yesterday， I bought a book.', 971763.0]]
571	你是一个好人。	[['You are a good person.', 1545297.0], ["You're a good person.", 2547447.0]]
572	Tom是一个好人。	[['Tom is a good person.', 406600.0], ['Tom is a good guy.', 3434089.0]]
573	我叫Luis。	[['My name is Luis.', 716144.0]]
574	我在医院工作。	[['I work in a hospital.', 455781.0]]
575	你的东西在哪里？	[['Where are your things?', 17110.0]]
576	我的书在哪？	[['Where is my book?', 482303.0], ['Where are my books?', 1495883.0]]
577	你不是学生。	[['You are not a student.', 69165.0]]
578	不是我们。	[["It's not us.", 1693272.0]]
579	她是日本人吗？	[['Is she Japanese?', 1123763.0]]
580	是谁在读？	[['Who is reading?', 869044.0]]
581	Crouch 先生，你在做什么？	[['Mr. Crouch， what are you doing?', 451274.0]]
582	没有。	[['Not in there.', 1724014.0], ['Not here.', 1724015.0], ["I don't have it.", 1724016.0], ["I didn't.", 4008835.0], ["I don't have any.", 4008838.0]]
583	他不在。	[['He is not here.', 1310692.0]]
584	我喜欢那个人。	[['I like that person.', 1256149.0]]
585	这不好。	[["This isn't good.", 1765127.0]]
586	你能看吗？	[['Can you see?', 1553530.0]]
587	我是一个好人。	[["I'm a good guy.", 1225236.0], ["I'm a good person.", 1492934.0], ["I'm a nice guy.", 838729.0], ["I'm a nice dude.", 4296662.0]]
588	我有一个家。	[['I have a home.', 1786134.0]]
589	你认识我吗？	[['Do you know me?', 69295.0], ['Do you know me?', 69295.0]]
590	你是日本学生吗？	[['Are you a Japanese student?', 15870.0]]
591	猫在哪里？	[["Where's the cat?", 1664246.0], ['Where is the cat?', 1851459.0]]
592	我有很多钱。	[['I have a lot of money.', 64579.0]]
593	他没有钱。	[['He had no money.', 289446.0]]
594	这本书是我的。	[['This book is mine.', 516622.0]]
595	他是一个 DJ 。	[["He's a DJ.", 1383444.0], ['He is a DJ.', 288669.0]]
596	你爱谁？	[['Who do you love?', 1568786.0]]
597	我爱我的女儿。	[['I love my daughter.', 1855062.0]]
598	她昨天来看我们。	[['She came to see us yesterday.', 313823.0]]
599	今天我四岁了。	[['Today I turn four years old.', 464254.0], ['Today I am four years old.', 1905091.0]]
600	我会很想你的。	[["I'll miss you very much.", 71629.0]]
601	桌子上的书是谁的？	[['Whose book is this on the desk?', 1263814.0]]
602	我不是你的妈妈。	[["I'm not your mother.", 1943924.0]]
603	我不是你爸爸。	[["I'm not your father.", 1943923.0]]
604	我不是你女儿。	[["I'm not your daughter.", 1943922.0]]
605	我不是你儿子。	[["I'm not your son.", 1943921.0]]
606	上个月没怎么下雨。	[['We had little rain last month.', 272690.0]]
607	我在这里工作。	[['I work here.', 730034.0]]
608	再见。	[['See you later.', 1841588.0]]
609	他有很多书。	[['He has books galore.', 322082.0]]
610	昨天没学生去那。	[['No students went there yesterday.', 244391.0]]
611	谁是 Emily?	[['Who is Emily?', 2064575.0]]
612	他是你的朋友。	[["He's your friend.", 1780049.0]]
613	他喜欢睡觉。	[['He likes sleeping.', 1676741.0]]
614	这是他的飞机。	[['This is his plane.', 2166225.0]]
615	他是个很好的老师。	[['He is a very good teacher.', 770129.0]]
616	你爱上了我吗？	[["You've fallen in love with me?", 2184764.0]]
617	那本书在这里。	[["That book's over here.", 2156685.0], ['The book is here.', 1369202.0]]
618	我怎么了?	[["What'd I do?", 1841536.0]]
619	你的爱好是什么？	[["What's your hobby?", 594511.0], ['What are your hobbies?', 2646222.0], ['What is your hobby?', 6616325.0]]
620	我是猫。	[["I'm a cat.", 2068371.0], ['I am a cat.', 2068388.0]]
621	他在买苹果	[["He's buying apples.", 2210396.0]]
622	她去买东西。	[["She's going out to buy some things.", 2210387.0], ["She's going shopping.", 8960821.0]]
623	这不是爱。	[["This isn't love.", 2233756.0]]
624	爸爸，我爱你！	[['Daddy， I love you!', 2075226.0]]
625	他一个朋友都没有。	[['He does not have any friends.', 879881.0]]
626	他没有朋友。	[["He doesn't have any friends.", 284930.0]]
627	我有一些朋友。	[["I've got a few friends.", 958854.0]]
628	我二十五岁了。	[["I'm twenty-five.", 2296636.0], ["I'm 25 years old.", 957242.0]]
629	你吃了什么？	[['What did you eat?', 1830499.0]]
630	你睡觉了吗？	[['Are you sleeping?', 2244966.0]]
631	我明天不工作。	[["I don't work tomorrow.", 2306419.0]]
632	我昨天没工作。	[["I didn't work yesterday.", 2306428.0]]
633	明天他工作吗？	[['Is he working tomorrow?', 2311274.0]]
634	人呢？	[['Where did he go?', 292031.0], ['Where did they go?', 1515586.0], ['Where is the person?', 6608393.0]]
635	我学习汉语。	[['I am learning Chinese.', 1661129.0], ["I'm learning Chinese.", 2116405.0]]
636	你妈妈在家吗？	[['Is your mum at home?', 2345890.0]]
637	书在桌子上。	[['The book is on the table.', 2163151.0]]
638	这是我的电脑。	[['This is my computer.', 2346862.0]]
639	她爱的是你，不是我。	[["It's you that she loves， not me.", 308175.0]]
640	你睡觉吗？	[['Are you sleeping?', 2244966.0]]
641	我在听。	[["I'm listening.", 1891022.0]]
642	我不高兴看电视。	[["I don't feel like watching TV.", 1495781.0]]
643	那有什么不好？	[["What's wrong with that?", 1886675.0]]
644	我是医生。	[["I'm a doctor.", 256018.0], ['I am a doctor.', 436293.0]]
645	我爱你！	[['I love you!', 2365642.0]]
646	她上个月不在。	[["She wasn't there last month.", 1977707.0]]
647	她想我来。	[['She wanted me to come.', 314270.0]]
648	我很喜欢猫。	[['I like cats very much.', 2409622.0]]
649	有人认识他吗？	[['Does anybody know him?', 276382.0]]
650	这没什么大不了的。	[["It's no big deal.", 532854.0]]
651	狗在叫。	[['The dog is barking.', 1662194.0]]
652	狗不会叫。	[["The dog couldn't bark.", 2489590.0]]
653	狗叫了吗？	[['Did the dog bark?', 2509656.0]]
654	这是他不喜欢的。	[['This is not to his liking.', 2259701.0]]
655	我不是医生。	[["I'm not a doctor.", 1194034.0]]
656	那里太多人了。	[['There are too many people there.', 2682236.0]]
657	我去了医院。	[['I went to the hospital.', 2661742.0]]
658	我昨天去学校。	[['I went to school yesterday.', 257759.0]]
659	我喜欢他。	[['I like him.', 283629.0]]
660	那我呢?	[['What about me?', 2549675.0]]
661	谢谢！	[['Thank you!', 374827.0], ['Thanks!', 448645.0], ['Ta!', 8789051.0], ['Thanks!', 448645.0], ["'Ppreciate it!", 4680078.0]]
662	你是什么时候来的？	[['When did you get here?', 954601.0]]
663	这个菜是怎么做的？	[['How is this dish made?', 2737470.0]]
664	我是上个月来的北京。	[['I came to Beijing last month.', 2737465.0]]
665	我在吃什么？	[['What am I eating?', 2771789.0]]
666	猫在哪里睡觉？	[['Where is the cat sleeping?', 2771787.0]]
667	我在。	[['I am here.', 2778806.0], ['I was here.', 5828905.0], ["I'm here.", 2111726.0]]
668	这是一家好医院。	[['This is a good hospital.', 2779127.0]]
669	这些是我的书。	[['These are my books.', 55021.0]]
670	我想去学校。	[['I want to go to school.', 2714993.0]]
671	Tom 在说话。	[['Tom is talking.', 2236872.0]]
672	猫在椅子上睡觉。	[['The cat sleeps on the chair.', 2827060.0], ['The cat is sleeping on the chair.', 282051.0]]
673	Tom不喜欢Mary。	[["Tom didn't like Mary.", 1029286.0]]
674	有没有人认识Florence？	[['Anybody knows who Florence is?', 1869300.0]]
675	Tom上飞机了。	[['Tom got on the airplane.', 2545813.0]]
676	我喜欢这个。	[['I like this one.', 436761.0]]
677	我不是医生，我是老师。	[["I'm not a doctor， but a teacher.", 1300825.0]]
678	我高兴你喜欢我的朋友。	[["I'm glad you liked my friends.", 2542455.0]]
679	你在做什么？	[['What are you doing?', 16492.0], ['What are you doing?', 16492.0]]
680	明天我回家。	[["Tomorrow I'm going back home.", 2926313.0]]
681	这个不会。	[["This one won't.", 2930752.0]]
682	我想去商店。	[['I want to go to the store.', 2967167.0]]
683	请回来！	[['Come back.', 1972611.0]]
684	昨天是星期四。	[['Yesterday was Thursday.', 528533.0]]
685	你对不起我。	[['You do me wrong.', 16077.0]]
686	你很会做菜，不是吗?	[["You are a good cook， aren't you?", 325763.0]]
687	不是。	[['No.', 477061.0], ["It's not.", 7156649.0]]
688	这本书多少钱？	[['How much is this book?', 3377896.0]]
689	这是本汉语书。	[['This is a Chinese language book.', 3377904.0]]
690	这是我的日本朋友。	[['This is my Japanese friend.', 3377906.0]]
691	这是书。	[['This is a book.', 55399.0]]
692	这是中国菜。	[['This is Chinese food.', 3377912.0]]
693	这不是我的日本朋友。	[['This is not my Japanese friend.', 3377924.0]]
694	现在几点了？	[['What time is it?', 428402.0]]
695	我很高兴。	[['I am happy.', 436371.0], ["I'm happy.", 1872056.0]]
696	我吃苹果了。	[['I ate apples.', 3378092.0]]
697	我吃了那个苹果。	[['I ate that apple.', 3378096.0]]
698	我们在学校里。	[['We are in school.', 3378112.0]]
699	我不高兴。	[['I am not happy.', 3378134.0]]
700	我有钱。	[['I have money.', 1502828.0]]
701	你是不是老师？	[['Are you a teacher?', 2894605.0], ['Are you not a teacher?', 3378215.0]]
702	你喝茶了吗？	[['Have you drank tea?', 3378196.0]]
703	你是中国人吗？	[['Are you Chinese?', 1098145.0]]
704	你是不是医生？	[['Are you a doctor?', 502228.0]]
705	你在哪里学习？	[['Where did you study?', 2647290.0]]
706	你在回家吗？	[['Are you going home?', 2852258.0]]
707	你喝茶了吗?	[['Did you drink tea?', 3378235.0]]
708	你喝茶吗？	[['Do you drink tea?', 3378237.0]]
709	你做什么工作？	[['What is your occupation?', 731142.0], ["What's your job?", 36809.0]]
710	你今天有看电视吗？	[['Are you watching TV today?', 3378291.0]]
711	你什么时候能来我家？	[['When can you come to my home?', 3378293.0]]
712	我不喜欢他。	[["I don't like him.", 354256.0]]
713	她十七岁了。	[['She is aged seventeen.', 310075.0], ["She's seventeen.", 2765315.0], ["She's seventeen years old.", 2765316.0]]
714	我看了一本书。	[['I read a book.', 2651095.0]]
715	我看了他的书。	[['I read his book.', 2920854.0], ['I am reading his book.', 3299671.0]]
716	哪个杯子是你的？	[['Which cup is yours?', 1554393.0]]
717	我的名字叫Ricardo, 你呢?	[["My name's Ricardo， and you?", 3622038.0], ["My name's Ricardo. What's yours?", 3633968.0]]
718	你的狗在哪里？	[["Where's your dog?", 1886591.0], ['Where is your dog?', 461908.0]]
719	很好！	[["That's good.", 2123563.0]]
720	你什么时候爱上我的？	[['When did you fall in love with me?', 3657299.0]]
721	那是我的爱好。	[["That's my hobby.", 3658521.0]]
722	我想坐下来。	[['I want to sit down.', 2548851.0]]
723	这个叫什么？	[['What do you call this?', 1841545.0]]
724	他做什么工作？	[["What's his job?", 2659598.0]]
725	我今天想去看电影。	[['I want to go to the movies today.', 2055398.0]]
726	我不会来。	[['I will not come.', 3702707.0]]
727	你买了什么书？	[['What books did you buy?', 3738945.0]]
728	她会坐在那里看书。	[['She will sit there reading a book.', 3778921.0]]
729	来的都是朋友。	[['Whenever you come， you are welcome.', 65958.0]]
730	我很喜欢狗。	[['I like dogs very much.', 257235.0]]
731	你不是我的朋友了。	[["You're not my friend anymore.", 1651131.0]]
732	她是我的菜。	[["She's my type.", 314284.0]]
733	Tom认识我。	[['Tom knows me.', 2237133.0]]
734	Mary认识我。	[['Mary knows me.', 2867199.0]]
735	没有人认识她。	[['Nobody knows her.', 3962572.0]]
736	你在哪读书？	[['Where do you study?', 3350506.0]]
737	他在读书。	[['He is studying.', 3962745.0], ['He is reading a book.', 296638.0], ['He is reading books.', 7765348.0], ["He's studying.", 593281.0], ["He's studying.", 593281.0], ['He is studying.', 3962745.0]]
738	Tom在吃东西。	[['Tom is eating something.', 3921188.0]]
739	那是爱吗？	[['Is that love?', 955144.0], ['Is it love?', 663921.0]]
740	我认识她。	[['I know her.', 424848.0]]
741	你家里都有谁？	[['Who do you live with?', 700113.0]]
742	我认识这些学生。	[['I know these students.', 4003500.0]]
743	你什么时候认识我的？	[['When do you know me from?', 4008728.0], ['When did you get to know me?', 4008730.0]]
744	对不起，我不会去。	[["Sorry I won't be there.", 50766.0]]
745	谁是你的老师？	[['Who is your teacher?', 17660.0]]
746	她很喜欢猫。	[['She adores cats.', 311908.0]]
747	我喜欢猫。	[['I like cats.', 354379.0]]
748	我想吃点好吃的。	[['I want to eat something tasty.', 4091863.0], ['I want to eat something delicious.', 4569160.0], ['I want to eat something delicious.', 4569160.0], ['I want to eat something tasty.', 4091863.0]]
749	我没有电脑。	[["I don't have a computer.", 1773405.0]]
750	你在哪里看见他了？	[['Where did you see him?', 4141178.0]]
751	你一个月读几本书？	[['How many books do you read per month?', 1257647.0]]
752	请喝茶！	[['Please drink tea.', 2366729.0]]
753	没关系！我来做！	[["Don't worry. I'll do it.", 502329.0]]
754	那是我的吗？	[["Isn't that mine?", 2248691.0]]
755	Tom和Mary有个女儿和儿子。	[['Tom and Mary have a daughter and a son.', 4493567.0]]
756	Tom和Mary有三个儿子和一个女儿。	[['Tom and Mary have three sons and a daughter.', 4493563.0]]
757	Tom有个十三岁的女儿。	[['Tom has a 13-year-old daughter.', 4493593.0]]
758	我怎么回家?	[['How can I return home?', 4577204.0]]
759	我爱那本书。	[['I love that book.', 4496121.0]]
760	我的朋友人都很好。	[['My friends are all really nice.', 4626119.0]]
761	我不喜欢学习。	[["I don't like studying.", 261642.0]]
762	我什么都不喜欢。	[["I don't like anything.", 631758.0]]
763	我不喜欢你。	[["I don't like you.", 836846.0], ['I do not like you.', 3895183.0]]
764	我不喜欢喝茶。	[["I don't like tea.", 1098278.0]]
765	我是老师，你呢	[['I am a teacher， what about you?', 4713269.0]]
766	她去医院了	[['She went to hospital.', 4713273.0]]
767	他是坐飞机来的	[['He come here by plane.', 4713279.0]]
768	我们都看见那个人了	[['We all saw that man.', 4713295.0]]
769	她很高兴	[['She is very happy.', 4713299.0]]
770	他没去医院	[["He didn't go to hospital.", 4713303.0]]
771	她没去看电影	[["She didn't go to watch movie.", 4713306.0]]
772	你爱吃什么水果	[['Which fruit do you like?', 4713308.0]]
773	你几岁了	[['How old are you?', 436243.0]]
774	他是医生吗	[['Is he a doctor?', 293616.0]]
775	我是昨天来的	[['I arrived yesterday.', 3818358.0]]
776	这些杯子，你喜欢哪一个？	[['Which one of these cups do you like?', 4713346.0]]
777	这是在火车站买的	[['I bought this at the train station.', 4713350.0]]
778	我住在北京	[['I live in Beijing.', 4713360.0]]
779	我不是学生	[['I am not a student.', 1354298.0]]
780	一年有12个月	[['A year has 12 months.', 4713377.0]]
781	没有一个朋友来了。	[['Not one friend came.', 4728211.0], ['No friends came.', 4728214.0]]
782	明天我能去你家。	[['I can go to your house tomorrow.', 4728307.0]]
783	我在读你的书。	[["I'm reading your book.", 4728692.0], ["I'm reading your book.", 4728692.0]]
784	这是谁的茶？	[['Whose tea is this?', 1764980.0]]
785	我们做多一点。	[["Let's make some more.", 4756003.0]]
786	你在读哪本书？	[['Which book are you reading?', 3036028.0], ['What book are you reading?', 4757678.0]]
787	我能坐这里吗？	[['Can I sit here?', 1537275.0]]
788	这是你的书吗？	[['Is this your book?', 55975.0], ['Is this book yours?', 56970.0], ['Does this book belong to you?', 57052.0]]
789	我们喝了一点水。	[['We drank a little.', 4761876.0]]
790	你不是日本人。	[["You aren't Japanese.", 4763349.0], ['You are not Japanese.', 69057.0], ["You're not Japanese.", 7319794.0]]
791	你喝多了。	[["You're way too drunk.", 4764595.0]]
792	这是我的。	[['This is mine.', 2233709.0]]
793	我们喝了很多。	[['We had a lot to drink.', 4769444.0]]
794	他明天不回来。	[["He won't be back tomorrow.", 4770644.0], ['He will not be back tomorrow.', 304104.0]]
795	那是谁？	[['Who is that?', 2176388.0]]
796	我的名字是Irakli	[['My name is Irakli.', 4831045.0]]
797	这是冷的。	[['This is cold.', 463300.0]]
798	再见，Ian。	[['Goodbye， Ian.', 4844769.0]]
799	你喜欢你的工作吗？	[['Do you like your work?', 3815121.0]]
800	我不想回家。	[["I don't want to go home.", 2011871.0]]
801	你想我吗？	[['Do you miss me?', 1230779.0]]
802	我不想吃。	[["I don't want to eat.", 3825001.0]]
803	你好！	[['Hello!', 373330.0]]
804	你有电视吗？	[['Do you have a TV?', 2648849.0], ['Do you have a television?', 9517180.0]]
805	你现在有喜欢的人吗?	[['Is there anyone that you like right now?', 4959789.0]]
806	你现在在哪里工作？	[['Where do you work now?', 3821899.0]]
807	我们明天回来。	[["We'll come back tomorrow.", 3311989.0], ['We will come back tomorrow.', 1764879.0]]
808	怎么会呢？	[['How come?', 2116272.0]]
809	Steve看上去很高兴。	[['Steve looks quite happy.', 4971604.0]]
810	今天是星期三。	[['Today is Wednesday.', 1458036.0], ["Today it's Wednesday.", 7889865.0]]
811	对不起！	[['Sorry!', 1105399.0], ["I'm sorry!", 4555644.0]]
812	有多少人在那里工作？	[['How many people work there?', 5068211.0]]
813	那没什么大不了的。	[["That's no big deal.", 3315227.0]]
814	你看上去很好。	[['You look very good.', 1935382.0], ['You look very nice.', 3330999.0]]
815	爱谁谁。	[['Who cares?', 40434.0]]
816	好好学习。	[['Study hard.', 53465.0]]
817	有人来了。	[['Someone came.', 908398.0], ['Somebody came.', 5317425.0]]
818	狗会叫。	[['Dogs bark.', 1357070.0]]
819	看那里。	[['Look there.', 1635351.0]]
820	打电话回家！	[['Call home!', 1730009.0]]
821	现在的天气怎么样了？	[["What's the weather like now?", 5094805.0]]
822	他来了。	[['He came.', 853153.0]]
823	这个能吃吗？	[['Can you eat this?', 5136449.0], ['Can this be eaten?', 6358109.0], ['Is this edible?', 2719776.0]]
824	哪一个？	[['Which one?', 4668834.0]]
825	回家！	[['Go home!', 3412011.0]]
826	谁？	[['Who?', 2083030.0]]
827	什么时候？	[['When?', 4625694.0]]
828	怎么样？	[['How?', 4625687.0], ['How?', 4625687.0]]
829	哪里？	[['Where?', 4606511.0]]
830	我想看看。	[['I want to have a little look.', 5226492.0]]
831	我想说话	[['I want to speak.', 5327624.0]]
832	我不是医生	[["I'm not a doctor.", 1194034.0]]
833	听听这个。	[['Listen to this.', 1898342.0]]
834	太小了。	[["It's too small.", 267535.0]]
835	他会回来的。	[['He will come back.', 304209.0]]
836	你在Facebook上有多少朋友？	[['How many friends do you have on Facebook?', 1820790.0]]
837	Tom在医院。	[['Tom is in the hospital.', 1868200.0]]
838	Tom没有钱。	[['Tom has no money.', 2272746.0]]
839	你不热吗？	[["Aren't you hot?", 2951539.0]]
840	明天不会下雨。	[['It will not rain tomorrow.', 5543469.0]]
841	我不能做这个。	[['I cannot do this.', 5573312.0]]
842	我们做我们想做的。	[['We do what we want to do.', 5573320.0]]
843	我去买点东西。	[['I am going to buy some things.', 5573332.0]]
844	那里很冷。	[['That place is very cold.', 5573345.0]]
845	昨天星期几？	[['Yesterday was what day of the week?', 5573371.0], ['What day was yesterday?', 5575493.0]]
846	我五点在家。	[["I am at home at five o'clock.", 5573372.0], ['I will be at home at five.', 10614450.0]]
847	他没听。	[["He doesn't listen.", 2269440.0]]
848	你看来不大高兴。	[["You don't look so happy.", 2044558.0]]
849	他不在这里。	[["He's not here.", 2299498.0]]
850	我现在在北京。	[['I am in Beijing right now.', 5574827.0]]
851	你在写什么？	[['What are you writing?', 1886804.0], ["What're you writing?", 2254570.0]]
852	听！	[['Listen!', 1319588.0]]
853	昨天星期几?	[['What day was yesterday?', 5575493.0], ['Yesterday was what day of the week?', 5573371.0]]
854	看来他会在下个月来。	[["It looks like he'll be coming here next month.", 519418.0]]
855	请看这本书。	[['Please have a look at this book.', 954240.0]]
856	他在星期六下午做什么？	[['What does he do on Saturday afternoons?', 3271715.0]]
857	那太多了吗？	[['Was that too much?', 3392977.0]]
858	你在家吗	[['Are you home?', 1126543.0]]
859	那不太好。	[["That wasn't very good.", 5411382.0]]
860	那不好。	[["That wasn't nice.", 2250997.0]]
861	你能来这里吗？	[['Could you come up here?', 3096333.0]]
862	你明天想去那里？	[['Where do you want to go tomorrow?', 3921780.0]]
863	我很高兴你回来了。	[["I'm glad you came over.", 4649577.0]]
864	看来他很好。	[['It seems that he is fine.', 3706983.0]]
865	我们是朋友。	[['We were friends.', 1553332.0], ['We are friends.', 6276581.0], ["We're friends.", 2107346.0], ["We're friends.", 2107346.0]]
866	他在这里。	[['He is here.', 5537230.0]]
867	你什么时候睡觉？	[['When is your bedtime?', 5011412.0]]
868	他有七个儿子。	[['He has seven sons.', 2698783.0]]
869	有多少人能做？	[['How many people can do that?', 3731692.0]]
870	她做什么工作？	[["What's her job?", 3205365.0]]
871	我在读书。	[["I'm reading.", 1349059.0]]
872	我睡觉了。	[['I am going to sleep.', 845539.0]]
873	我有些钱。	[['I have a certain amount of money on me.', 3822672.0]]
874	他在看我们。	[["He's looking at us.", 5373152.0]]
875	你明天工作吗？	[['Are you working tomorrow?', 2629000.0]]
876	不是我的。	[["It's not mine.", 1894573.0]]
877	我不是中国人。	[["I'm not Chinese.", 5675728.0]]
878	我喜欢这些东西。	[['I like these.', 4500187.0]]
879	这水能喝吗？	[['Is it safe to drink this water?', 5791102.0]]
880	我不喜欢看电视。	[["I don't like watching TV.", 5812053.0]]
881	那看来很好。	[['That feels good.', 2250109.0]]
882	这是你的狗。我的呢？	[['Here is your dog. Where is mine?', 61769.0]]
883	我们想听听。	[['We want to hear it.', 2011454.0]]
884	在那里。	[["It's over there.", 2249154.0]]
885	这是你的茶。	[["Here's your tea.", 3900748.0]]
886	这本书小。	[['This book is small.', 56916.0]]
887	这是我们的学校。	[['This is my school.', 1255406.0]]
888	他不是老师。	[['He is not the teacher.', 5870619.0]]
889	我做不了这个。	[["I haven't finished this.", 5933015.0]]
890	我在睡觉。	[['I am sleeping.', 5933037.0], ["I'm sleeping.", 2203803.0]]
891	她不来了。	[["She didn't come.", 6139116.0]]
892	你没有吃。	[["You haven't eaten.", 6139119.0]]
893	他没有吃。	[["He hasn't eaten.", 6139120.0]]
894	她没有吃。	[["She hasn't eaten.", 6139121.0]]
895	你在看谁？	[['Who are you looking at?', 3738585.0]]
896	我的猫会爱上这个。	[['My cats will love this.', 1792464.0]]
897	她不在。	[['She is absent.', 5917149.0]]
898	昨天天气不是很好。	[["Yesterday's weather wasn't so good.", 5920123.0], ["Yesterday's weather wasn't very good.", 5920126.0]]
899	有人在那里。	[["There's somebody in there.", 2892149.0]]
900	现在读这个。	[['Read this now.', 1841179.0]]
901	你昨天喝茶了吗？	[['Did you drink tea yesterday?', 3157608.0]]
902	你的一个朋友在我们这里。	[['We have one of your friends here with us.', 2640704.0]]
903	我今天不想吃东西。	[["I don't feel like eating anything today.", 242787.0]]
904	请回来。	[['Turn back， please.', 240168.0]]
905	你明天在这里吗？	[['Will you be here tomorrow?', 1926411.0]]
906	我们没有做好。	[["We've not done well.", 5493855.0]]
907	你在这里的工作是什么？	[["What's your job here?", 3395890.0]]
908	你昨天没来学校。	[['You did not come to school yesterday.', 16115.0]]
909	你现在高兴吗？	[['Are you happy now?', 971988.0]]
910	你有多爱我？	[['How much do you love me?', 1816761.0]]
911	你在吃东西吗？	[['Have you been eating?', 2647169.0]]
912	谁来了这里？	[['Who was here?', 2254890.0]]
913	有人叫你来这吗？	[['Did anybody ask you to come here?', 6048663.0]]
914	他是我的爸爸。	[['He is my father.', 297979.0], ["He's my father.", 1109899.0], ["He's my dad.", 3298582.0], ['He is my dad.', 6054174.0]]
915	这是我的爸爸.	[['This is my father.', 668099.0], ['This is my dad.', 6054185.0]]
916	我想他不是中国人。	[["I think he isn't Chinese.", 6054178.0], ['I think he is not Chinese.', 6054180.0]]
917	我是你爸爸。	[['I am your father.', 1769470.0], ["I'm your father.", 1891163.0]]
918	我很想家。	[['I was so homesick.', 4500065.0]]
919	我很冷。	[['I was so cold.', 2549720.0]]
920	这里没人。	[["There's nobody here.", 2252666.0]]
921	那是很多钱。	[["That's a lot of cash.", 3594108.0]]
922	你买了多少东西？	[['How many things did you buy?', 2167402.0]]
923	谁会想住在这里？	[['Who would want to live here?', 5850714.0]]
924	我能看见。	[['I could see that.', 1467591.0]]
925	我们会去做。	[["We'll do that.", 2241572.0]]
926	明天天气怎么样？	[['How will the weather be tomorrow?', 6110485.0], ["What will tomorrow's weather be like?", 6110486.0], ["What'll tomorrow's weather be like?", 6480666.0]]
927	她看来有钱。	[['She seems rich.', 313318.0]]
928	我在学习。	[['I was learning.', 2200277.0]]
929	我们想回家。	[['We want to go home.', 2011453.0]]
930	这个是你的。	[["This one's yours.", 1898070.0]]
931	我不回去。	[["I'm not turning back.", 2547698.0]]
932	这些人是你的女儿吗？	[['Are these your daughters?', 2988561.0]]
933	你有18岁了吗？	[['Are you over 18?', 2900555.0]]
934	你喜欢看电影吗？	[['Do you like to watch movies?', 4264743.0]]
935	我有很多狗。	[['I have a lot of cats.', 5851509.0]]
936	这是你的女儿吗？	[['Is this your daughter?', 3825478.0]]
937	我们能在哪里打电话？	[['Where can we make a phone call?', 693478.0]]
938	我们是谁？	[['Who are we?', 2254698.0], ['Who are we?', 2254698.0]]
939	这书是谁的？	[['Whose book is this?', 54871.0]]
940	你想听吗？	[['Would you like to listen?', 1879982.0]]
941	有点小。	[["It's a little small.", 6159782.0]]
942	有点大。	[["It's a little big.", 6159783.0]]
943	他今天在家。	[['He is at home today.', 296616.0]]
944	我们现在能回去吗？	[['Can we go back now?', 3327449.0]]
945	多少钱？	[['How much money?', 6276478.0], ['How much does this cost?', 432824.0]]
946	我们是六个人。	[['We are six people.', 6276493.0]]
947	有大的吗？	[['Do you have big ones?', 6276497.0]]
948	有小的吗？	[['Do you have small ones?', 6276499.0]]
949	哪里坐出租车？	[['Where can I take a taxi?', 6276506.0]]
950	有很多人吗？	[['Are there many people?', 6276526.0]]
951	我不认识他，他是谁？	[["I don't know him， who is he?", 6276559.0]]
952	我们是什么？	[['What are we?', 6276583.0]]
953	谁和谁是同学？	[['Who and who are classmates?', 6276590.0]]
954	谁是他朋友？	[['Who is his friend?', 6276594.0]]
955	你不认识他。	[["You don't know him.", 6276601.0]]
956	这些苹果很大。	[['These apples are very big.', 6177965.0]]
957	你的电脑怎么了？	[['What happened to your computer?', 5285527.0]]
958	我们爱我们的学校。	[['We love our school.', 4500880.0]]
959	你做了很多。	[["You've done a lot.", 5902928.0]]
960	我看见他在读一本书。	[['I saw him reading a book.', 2587869.0]]
961	这本书是谁的？	[['Who does the book belong to?', 2818692.0]]
962	我爱你，Raphael！	[['I love you， Raphael!', 5645299.0]]
963	我很爱你，妈妈！	[['I love you so much， Mom!', 2419242.0]]
964	我不太想说话。	[["I don't feel much like talking.", 2315256.0]]
965	你明天去学校。	[["You'll go to school tomorrow.", 20112.0]]
966	你想做我的朋友吗？	[['Would you like to be my friend?', 5170050.0]]
967	我不去学校。	[["I don't go to school.", 1578584.0]]
968	喂。	[['Speaking.', 249554.0]]
969	你是哪里人呢？	[['Where are you from?', 370703.0]]
970	不, 不会太多。	[['No， not too much.', 66820.0]]
971	我昨天买了好几本书。	[['I bought several books yesterday.', 6452045.0]]
972	我妈妈不在家。	[["My mother isn't at home.", 593247.0]]
973	你不来了。	[['You are not coming.', 6482986.0]]
974	昨天这个时候你在做什么？	[['What were you doing at this time yesterday?', 6534830.0]]
975	昨天这个时候我在学校学习。	[['I was learning at school at this time yesterday.', 6534832.0]]
976	下午四点。	[["At four o'clock in the afternoon.", 6534835.0]]
977	现在几点？	[['What time is it?', 428402.0]]
978	现在三点。	[["It is three o'clock right now.", 6534837.0]]
979	星期三下午我在。	[['I will be here Wednesday afternoon.', 6534838.0]]
980	星期三在吗？	[['Will you be here on Wednesday?', 6534842.0]]
981	你现在在哪里？	[['Where are you right now?', 2821521.0]]
982	没，我什么都没在吃。	[["Nothing， I'm not eating anything right now.", 6534865.0]]
983	你吃了吗？	[['Have you eaten?', 953286.0], ['Have you eaten yet?', 382317.0], ['Have you already eaten?', 2974645.0], ['Did you eat yet?', 4783696.0], ['Did you eat already?', 6713410.0]]
984	你明天下午在哪里?	[['Where will you be tomorrow afternoon?', 6534868.0]]
985	你昨天上午在哪里?	[['Where were you yesterday morning?', 4014275.0]]
986	没有人在看。	[['No one was watching.', 6533432.0]]
987	哪个？	[['Which one?', 4668834.0]]
988	吃了没	[['Have you eaten?', 953286.0]]
989	我不认识那个人。	[["I don't know that person.", 6559108.0]]
990	请听！	[['Please listen!', 6581147.0]]
991	看看你！	[['Look at you!', 6581132.0]]
992	好多了！	[['So much better!', 6581136.0]]
993	猫！	[['Cat!', 6581103.0]]
994	你想听听我是怎么想的吗？	[['Do you want to hear what I think?', 3819887.0]]
995	我们想你。	[['We missed you.', 2241163.0]]
996	我不想来这里。	[["I didn't want to come here.", 2012627.0]]
997	那是我的。	[['That is mine.', 67126.0], ["That's mine.", 1841577.0]]
998	你今天做那个，是吗？	[["You'll do that today， won't you?", 6256064.0]]
999	不客气	[["Don't mention it.", 63874.0]]
1000	我去买！	[["I'm going shopping!", 6744879.0]]
1001	不是吗？	[['No?', 1158522.0]]
1002	我想你!	[['I miss you!', 6055899.0]]
1003	好的。	[['Okay.', 1391646.0]]
1004	看！飞机！	[['Look! An airplane!', 6746522.0]]
1005	喝水。	[['Drink water.', 6746662.0]]
1006	他没吃。	[["He hasn't eaten.", 6139120.0]]
1007	在做什么？	[['What are you doing?', 16492.0]]
1008	我很想你！	[['I miss you!', 6055899.0]]
1009	很好吃。	[['Delicious.', 6750923.0]]
1010	吃水果。	[['Eat fruit.', 6750930.0]]
1011	今天热吗？	[['Is it hot today?', 6750931.0]]
1012	北京热吗？	[['Is Beijing hot?', 6750936.0]]
1013	我们没水。	[["We don't have any water.", 4497887.0]]
1014	我能在这里睡觉吗？	[['Can I sleep here?', 1911934.0]]
1015	能来点茶吗？	[['Could you get me some tea?', 240981.0]]
1016	我们不会再见你了。	[["We won't see you again.", 3910176.0]]
1017	那些是她的。	[['Those are hers.', 6954903.0]]
1018	猫在睡觉。	[['The cat is sleeping.', 6953029.0], ["The cat's asleep.", 8415576.0]]
1019	你想吗?	[['Do you want to?', 7156462.0]]
1020	我在医院住了一个星期。	[['I stayed in hospital for a week.', 7156560.0]]
1021	你同学的衣服很漂亮。	[["Your classmate's clothes are very pretty.", 7211471.0]]
1022	她回来了。	[['She has returned.', 7211479.0], ["She's returned.", 7213856.0]]
1023	她在睡觉。	[['She is sleeping.', 7213191.0]]
1024	今天是星期二，明天是星期几？	[['Today is Tuesday. Which day is it tomorrow?', 7213363.0]]
1025	妈妈在哪里？	[['Where is mom?', 687630.0]]
1026	他昨天下午六点在工作。	[['At 6pm yesterday， he was at work.', 7242755.0]]
1027	这是医院。	[['This is a hospital.', 61614.0]]
1028	你喜欢茶吗？	[['Do you like tea?', 1098230.0]]
1029	你喜欢吃水果吗？	[['Do you like to eat fruit?', 7681639.0]]
1030	我在想你今天会不会来。	[['I was wondering if you were going to show up today.', 1464.0]]
1031	来了。	[["I'm here.", 2111726.0], ["I'm coming.", 52081.0]]
1032	这是什么?	[["What's this?", 413821.0], ['What is this?', 392210.0]]
1033	他回来了。	[['He came back.', 7766810.0], ['He is back.', 7766811.0], ["He's back.", 6610868.0]]
1034	你有没有工作？	[['Do you have a job?', 2648554.0]]
1035	很高兴人是你	[['You are a very happy person.', 7767724.0]]
1036	你不是我。	[['You are not me.', 7767734.0], ["You're not me.", 2218273.0]]
1037	你喜欢吃什么菜？	[['What vegetables do you like to eat?', 7767757.0], ['What dishes do you like to eat?', 7768481.0]]
1038	这个人不是我的朋友。	[['This person is not my friend.', 7767767.0]]
1039	这水不能喝。	[['This water cannot be drunk.', 7768810.0], ['You cannot drink this water.', 7768812.0]]
1040	他吃。	[['He eats.', 6702018.0]]
1041	我们什么都做不了。	[['We can do nothing.', 2953570.0]]
1042	你会在那里吗？	[['Will you be there?', 3407132.0], ['Are you going to be there?', 2879561.0]]
1043	是。	[['Yes.', 477086.0]]
1044	你在这里。	[["You're here.", 2202941.0]]
1045	他住在哪里？	[['Where does he live?', 292024.0]]
1046	下一个是谁？	[['Who is next?', 801609.0], ["Who's next?", 2561317.0]]
1047	我是个学生。	[['I am a student.', 252287.0], ["I'm a student.", 567368.0], ["I'm a school pupil.", 10657351.0], ["I'm a pupil.", 10657350.0]]
1048	你在那里做什么呢？	[['What are you doing there?', 3819961.0], ["What're you doing there?", 2645183.0]]
1049	我没有朋友。	[['I have no friends.', 478568.0], ["I've got no friends.", 2359667.0]]
1050	他是老师。	[['He is a teacher.', 295346.0], ["He's a teacher.", 8478426.0]]
1051	我儿子不在家，他在学校。	[['My son is not at home， he is at school.', 7772367.0], ['My big brother is not at home， he is at school.', 7772369.0]]
1052	爸爸去哪了?	[['Where has Dad gone?', 7773729.0], ['Where did dad go?', 318877.0]]
1053	你和谁说话呢？	[['Who did you talk to?', 1042635.0], ['With whom did you talk?', 5086257.0], ['Who were you speaking with?', 2982255.0], ['Who were you talking with?', 40389.0], ['Who were you talking to?', 276501.0], ['Who did you talk with?', 1042637.0], ['Who did you speak with?', 1042639.0], ['With whom were you speaking?', 2982256.0]]
1054	你现在住在哪里？	[['Where do you live now?', 239578.0]]
1055	你怎么了？	[['What is the matter with you?', 25200.0], ["What's the matter with you?", 1841534.0], ["What's going on with you?", 2880684.0], ["What's with you?", 3374136.0], ["What's up with you?", 2193749.0]]
1056	我去看电影。	[["I'm going to the cinema.", 1055075.0]]
1057	她想在医院工作。	[['She wants to work at the hospital.', 1648480.0]]
1058	我没有狗。	[["I don't have a dog.", 1253474.0]]
1059	今天我回家	[["Today I'm going home.", 7775995.0]]
1060	你回来了。	[['You returned.', 3282474.0]]
1061	我不想去。	[["I don't want to go.", 1841684.0]]
1062	我有很多日本朋友。	[['I have a lot of Japanese friends.', 7779353.0]]
1063	你怎么不睡觉呢？	[["Why don't you go to sleep?", 2892943.0]]
1064	我们是三个人。	[['We are three people.', 7782953.0], ['There are three of us.', 3519566.0]]
1065	你想吃这个吗？	[['Do you want to eat this?', 3154872.0]]
1066	我朋友的爸爸是个医生。	[["My friend's father is a doctor.", 7782974.0]]
1067	我们很想去。	[['We would like to go very much.', 7782979.0]]
1068	你在工作。	[['You are at work.', 7785092.0]]
1069	她什么时候去？	[['At what time is she going?', 7789281.0]]
1070	我想回家。	[['I want to go home.', 256506.0]]
1071	学习是学生的工作。	[["Studying is a student's work.", 7791034.0]]
1072	我今天去买衣服了。	[['I am going to buy clothes today.', 7794436.0]]
1073	这不是猫，这是狗。	[['This is not a cat， it is a dog.', 7794439.0]]
1074	我很爱喝茶。	[['I love drinking tea.', 7794451.0]]
1075	这是多少？	[['How much is this?', 925040.0]]
1076	你的衣服太漂亮了。	[['Your clothes are extremely beautiful.', 7795838.0]]
1077	你喜欢坐飞机吗？	[['Do you like flying?', 4498056.0]]
1078	她的女儿都很漂亮。	[['All of her daughters are beautiful.', 7796500.0]]
1079	去年的今天是星期几?	[['What day of the week was it this time last year?', 7797425.0]]
1080	我是一个好老师吗？	[['Am I a good teacher?', 7798492.0]]
1081	很好不是吗？	[["Isn't that good?", 7799670.0]]
1082	你有朋友是医生吗？	[['Do you have any friends that are doctors?', 7800712.0], ['Do you have any friends who are doctors?', 7802106.0]]
1083	我明天不在家。	[['I am not at home tomorrow.', 7803072.0]]
1084	这里很热。	[['It is very hot in here.', 7803114.0]]
1085	你在医院工作吗？	[['Do you work at the hospital?', 7807354.0]]
1086	你想做什么工作？	[['What do you want to do for work?', 7808098.0]]
1087	我喜欢吃水果。	[['I like eating fruit.', 7808535.0]]
1088	她在工作。	[['She is at work.', 7808539.0]]
1089	我想去看医生。	[['I want to go to see a doctor.', 7808561.0]]
1090	这五本书是我同学的。	[['These five books belong to my classmate.', 7812266.0]]
1091	昨天你没有去学校。	[["I didn't go to school yesterday.", 1174791.0]]
1092	请坐这里。	[['Please sit in here.', 7818254.0]]
1093	他有没有儿子？	[['Does he have a son?', 6055934.0]]
1094	你去学校了吗？	[['Did you go to school?', 7819918.0]]
1095	他是一个好老师吗？	[['Is he a good teacher?', 7819934.0]]
1096	今天中午你在家。	[['You are at home today noon time.', 7822972.0]]
1097	飞机上吃了一点，不多。	[['I had a little on the plane， not much.', 7822975.0]]
1098	今天下午下雨。	[['This afternoon it is going to rain.', 7825173.0]]
1099	这里不是学校，是医院。	[['This is not a school， this is a hospital.', 7827402.0]]
1100	你星期一下午五点在做什么？	[['What are you doing on 5p.m. on Monday?', 7828661.0]]
1101	今天上午下雨。	[['It will rain this morning.', 7834036.0]]
1102	这个不是我的.	[['This is not mine.', 5296445.0]]
1103	昨天上午我在学校。	[['I was in school yesterday morning.', 7835084.0]]
1104	下个星期二？	[['Next Tuesday?', 7835453.0]]
1105	这些都不是你的钱。	[['None of this is your money.', 7840503.0]]
1106	你去了几回？	[['How many trips did you make?', 7841344.0]]
1107	他很少吃水果。	[['He seldom eats fruits.', 7841346.0]]
1108	我买了衣服了。	[['I have bought clothes.', 7841349.0]]
1109	你明天下午在哪里？	[['Where will you be tomorrow afternoon?', 6534868.0]]
1110	我没有日本朋友。	[["I don't have any Japanese friends.", 7851993.0]]
1111	他去哪买了这些东西？	[['Where did he buy all these?', 7494538.0]]
1112	她去哪买了这些东西？	[['Where did she buy all these?', 7494537.0]]
1113	他在哪买了那本书？	[['Where did he buy that book?', 7494534.0]]
1114	下午我不在家。	[["I'll be absent from home in the afternoon.", 240077.0]]
1115	她不喜欢去学校。	[["She doesn't like to go to school.", 8108669.0], ["She doesn't like going to school.", 2052203.0]]
1116	喝茶。	[['Drink tea.', 8108694.0]]
1117	吃菜。	[['Eat vegetables.', 8108700.0]]
1118	你写吗?	[['Do you write?', 8108704.0], ['Did you write?', 8108705.0], ['Are you writing?', 8108707.0]]
1119	请回家。	[['Please come back home.', 3823800.0]]
1120	我是他的朋友。	[["I'm his friend.", 8246471.0]]
1121	他四月十八日来了。	[['He came on the 18th of April.', 8249371.0]]
1122	喂，是120吗？	[['Hey， is it 120?', 8261951.0]]
1123	怎么会有	[['Why would there be?', 8261956.0]]
1124	会是谁呢？	[['Who will it be?', 8261963.0]]
1125	谢谢，很好！	[['Thanks， great!', 8261970.0]]
1126	你家里有书吗？	[['Are there books in your house?', 5008012.0]]
1127	你去叫他来。	[['Tell him to come.', 8264656.0]]
1128	我们没有吃。	[["We haven't eaten.", 7855805.0]]
1129	我们没吃。	[["We haven't eaten.", 7855805.0]]
1130	谢谢。	[['Thank you.', 1876041.0]]
1131	这是谁的杯子？	[['Whose glass is this?', 3416475.0], ['Whose cup is this?', 8335719.0]]
1132	她认识我。	[['She knows me.', 314454.0]]
1133	学校怎么样？	[['How is it at school?', 1086407.0], ["How's it going at school?", 2891374.0], ["How's school?", 1885868.0], ['How is school?', 5107357.0], ['How are things at school?', 2366909.0], ['How are you doing in school?', 5839806.0]]
1134	工作怎么样？	[["How's work?", 245394.0], ["How's your job going?", 3943856.0], ['How are things at work?', 569277.0], ["How's everything at work?", 3738105.0], ['How is work?', 5107360.0]]
1135	有什么想吃的吗？	[['Is there anything you want to eat?', 4404074.0]]
1136	我看见你在看她。	[['I saw you looking at her.', 3219253.0]]
1137	我太高兴了。	[["I'm so happy.", 321673.0]]
1138	你今天下午会在家吗？	[['Will you be at home this afternoon?', 2259918.0]]
1139	我现在没有钱。	[["I don't have money now.", 8586747.0]]
1140	我买了些衣服。	[['I have bought some clothes.', 8590678.0]]
1141	他是医生来的。	[['He is a doctor.', 293611.0]]
1142	他读很多书。	[['He reads a good deal.', 292244.0], ['He reads a lot.', 4731249.0], ['He reads a great deal.', 291620.0], ['He reads a lot of books.', 3232302.0]]
1143	你二了。	[["You're stupid.", 2123495.0]]
1144	你做好了吗?	[['Are you done?', 2244941.0]]
1145	今天不热，今天很冷。	[["It's not hot today， it's cold.", 8651138.0]]
1146	那是他家。	[['That is his house.', 67034.0], ["That's his house.", 794269.0]]
1147	你不冷吗？	[["Don't you feel cold?", 21126.0], ["Aren't you cold?", 2244975.0]]
1148	请坐一会。	[['Please remain seated for a few minutes.', 53407.0]]
1149	你是我的。	[["You're mine.", 2217883.0]]
1150	那是我的钱。	[["It's my money.", 2249099.0], ["That's my money.", 6670223.0]]
1151	你看上去不太好。	[["You don't look so well.", 2283661.0], ['You seem to be a little under the weather.', 239434.0], ["You don't look so good.", 1895763.0], ["You don't look very good.", 2283665.0], ["You don't look too good.", 2283663.0], ["You don't look so hot.", 67695.0]]
1152	你想吃东西吗？	[['Do you want to eat?', 773323.0]]
1153	我买衣服了。	[['I bought some clothes.', 8732766.0], ['I have bought some clothes.', 8590678.0]]
1154	我能看看那个吗？	[['Can I see that?', 1886275.0], ['Can I have a look at that?', 10596796.0]]
1155	我什么都不是。	[['I am nothing.', 1334412.0]]
1156	我三十岁。	[["I'm thirty.", 2111679.0], ["I'm thirty years old.", 2547669.0], ['I am thirty.', 3388202.0], ['I am thirty years old.', 3388203.0], ["I'm 30 years old.", 7832498.0], ['I am 30 years old.', 3449669.0]]
1157	她叫什么？	[["What's her name?", 773175.0], ['What is her name?', 7263860.0]]
1158	请看看这里。	[['Please take a look at this.', 6029125.0]]
1159	她十二岁。	[["She's 12 years old.", 8780295.0]]
1160	我朋友很少。	[['I have few friends.', 324366.0], ["I don't have many friends.", 1970154.0]]
1161	你的狗在这。	[['Your dog is here.', 449111.0]]
1162	我24岁了。	[["I'm 24 years old.", 688706.0], ["I'm 24.", 688708.0], ['I am 24 years old.', 1535873.0]]
1163	我认识你吗？	[['Do I know you?', 1461944.0]]
1164	我不喜欢狗。	[["I don't like dogs.", 257244.0]]
1165	我十点回来。	[["I'll be back at ten.", 73430.0]]
1166	好吃吗？	[['Does it taste good?', 3859431.0], ['Is it tasty?', 5758419.0]]
1167	我是个大学生。	[['I am a university student.', 275627.0], ["I'm a college student.", 568944.0], ["I'm a university student.", 568945.0], ['I am a college student.', 602532.0], ["I'm at university.", 10657353.0], ['I go to university.', 3378098.0], ['I am a student in a university.', 1164903.0], ["I'm a student in a university.", 1332122.0]]
1168	在吃什么呢？	[['What are you eating?', 1097919.0], ["What're you eating?", 1830493.0]]
1169	你很好。	[['You are good.', 1120755.0]]
1170	她吃。	[['She eats.', 6702019.0], ['She is eating.', 527192.0]]
1171	她是谁？	[["Who's she?", 2203797.0], ['Who is she?', 315731.0]]
1172	好。	[['Good.', 1148281.0]]
1173	不。	[['No.', 477061.0]]
1174	写点什么。	[['Write something.', 1217372.0]]
1175	昨天是星期五。	[['Yesterday was Friday.', 5499845.0], ['It was Friday yesterday.', 8312416.0]]
1176	我有一个中国朋友。	[['I have a Chinese friend.', 6055922.0]]
1177	我叫了你。	[['I called you.', 2245636.0]]
1178	他明天会来吗？	[['Will he come tomorrow?', 453389.0]]
1179	她工作了。	[['She worked.', 7497761.0]]
1180	他现在在医院。	[['He is in the hospital at present.', 296073.0], ["He's in the hospital right now.", 2167941.0]]
1181	谁是你爸爸？	[["Who's your daddy?", 3428703.0]]
1182	我想家。	[['I feel homesick.', 33712.0], ['I am homesick.', 1727063.0], ["I'm homesick.", 2713784.0]]
1183	我和他认识。	[['I am acquainted with him.', 260219.0]]
1184	爸爸在哪里？	[['Where is dad?', 6140593.0]]
1185	我们爱爸爸。	[['We love Dad.', 8321664.0]]
1186	我有一些钱。	[['I have a little money.', 18587.0], ['I have some money.', 258649.0]]
1187	她是四十岁。	[['She is forty years old.', 4566557.0]]
1188	我想钱。	[['I want money.', 64620.0]]
1189	我喜欢我的工作。	[['I like my job.', 2377458.0]]
1190	我会在七八点回家。	[["I'll be back by seven or eight o'clock.", 72367.0]]
1191	我去学校了。	[["I'm going to school.", 3315771.0]]
1192	猫叫了叫。	[['The cat meowed.', 2549627.0]]
1193	桌子上有什么？	[['What is on the desk?', 20561.0]]
1194	她是医生。	[['She is a doctor.', 309938.0], ["She's a doctor.", 3143495.0]]
1195	这个杯子里有水。	[['This glass contains water.', 61131.0]]
1196	那个东西有多热？	[['How hot is that?', 9144900.0]]
1197	我坐出租车去。	[["I'll go by taxi.", 2549527.0]]
1198	这个字怎么写？	[['How do you write this character?', 7808586.0]]
1199	今天来了很多人。	[['A lot of people came today.', 9203466.0]]
1200	这是我的朋友。	[['This is my friend.', 675960.0], ['This is a friend of mine.', 455069.0]]
1201	这个是我的朋友。	[['This is my friend.', 675960.0], ['This is a friend of mine.', 455069.0]]
1202	你和他是朋友吗？	[['Are you friends with him?', 9285241.0]]
1203	你和她是朋友吗？	[['Are you friends with her?', 9285243.0]]
1204	你没吃。	[["You didn't eat.", 9286376.0]]
1205	她没吃。	[["She didn't eat.", 9286378.0]]
1206	请看一看。	[['Have a look.', 2245539.0]]
1207	你有几个儿子？	[['How many sons do you have?', 9286590.0], ['How many sons do you have?', 9286590.0]]
1208	你有几个女儿？	[['How many daughters do you have?', 8217458.0]]
1209	她叫什么名字？	[['What is her name?', 7263860.0], ["What's her name?", 773175.0]]
1210	我三十二岁。	[["I'm 32 years old.", 9286624.0]]
1211	他在北京工作。	[['He works in Beijing.', 9286730.0]]
1212	我住北京。	[['I live in Beijing.', 4713360.0]]
1213	哪个是你的杯子？	[['Which cup is yours?', 1554393.0]]
1214	对不起......	[['Sorry...', 39996.0]]
1215	明天下午他在医院。	[['He will be at the hospital tomorrow afternoon.', 9401940.0]]
1216	好	[['Good.', 1148281.0]]
1217	你做吗?	[['Have you done it?', 2280859.0]]
1218	你想怎么做？	[['How do you want to do it?', 9408748.0]]
1219	我们想他。	[['We think of him.', 9408752.0]]
1220	我们十一点睡觉。	[['We sleep at eleven.', 9408769.0]]
1221	我没有不喜欢的。	[['I do not have anything I do not like.', 9408773.0]]
1222	是的，下个星期二。	[['Yes， next Tuesday.', 9408774.0]]
1223	谁会做？	[["Who's going to do that?", 6049299.0]]
1224	你什么时候去那里？	[['When did you go there?', 66313.0]]
1225	他说话了。	[['He spoke.', 1564976.0]]
1226	我喝了水。	[['I drank the water.', 2638593.0]]
1227	没人看见你。	[['No one has seen you.', 8922189.0]]
1228	大家都喜欢她。	[['Everybody likes her.', 451284.0], ['Everyone likes her.', 430471.0]]
1229	明天我不在家。	[['I will not be at home tomorrow.', 9419698.0]]
1230	我不想睡觉。	[["I don't want to sleep.", 2275762.0]]
1231	我看了一些书。	[['I have read some books.', 9419746.0]]
1232	她不听老师的。	[["She doesn't listen to her teacher.", 2269447.0]]
1233	我没买。	[["I didn't buy that.", 5157769.0]]
1234	你是我的女儿。	[["You're my daughter.", 7796865.0], ['You are my daughter.', 2547999.0]]
1235	写这本书的是医生。	[['The man who wrote this book is a doctor.', 56832.0]]
1236	这太小了。	[['It was very small.', 1853851.0]]
1237	她不爱我了。	[["She doesn't love me anymore.", 1848815.0]]
1238	这是谁写的？	[['Who wrote it?', 2254897.0], ['Who wrote this?', 2254899.0]]
1239	我买了。	[["I'm buying.", 1844179.0]]
1240	好了吗？	[['Is it ready?', 2248468.0], ['Sorted?', 6146107.0], ['Is it done?', 2248453.0], ['Done?', 6146104.0]]
1241	我想和他说话。	[['I want to talk with him.', 2783503.0]]
1242	想一想，好吗？	[['Think about it， OK?', 2892176.0]]
1243	你明天会做什么？	[["What'll you be doing tomorrow?", 7192328.0], ['What are you doing tomorrow?', 1012692.0], ["What'll you do tomorrow?", 752902.0], ['What will you do tomorrow?', 6024885.0], ['What are you going to do tomorrow?', 68902.0]]
1244	我们是人。	[["We're people.", 9494600.0], ['We are human.', 247772.0], ["We're humans.", 9494304.0], ['We are people.', 671753.0]]
1245	她看来有点不高兴。	[['She looked a little sad.', 9486843.0]]
1246	我坐在火车站里。	[["I'm sitting in the railway station.", 259592.0]]
1247	他在工作。	[['He is working.', 8481155.0]]
1248	很高兴回来	[["It's nice to be back.", 3635991.0]]
1249	你什么时候去？	[['When are you going?', 1886666.0]]
1250	你在家做什么？	[['What do you do at home?', 9711730.0], ['What are you doing at home?', 10559311.0]]
1251	是日本菜吗？	[['Is it Japanese food?', 42195.0]]
1252	我写了那些东西。	[['I wrote that.', 2247645.0]]
1253	我是	[['I am.', 1102982.0], ['I am!', 1148274.0]]
1254	我不去。	[['I will not go.', 9932288.0]]
1255	听这个！	[['Listen to this!', 320075.0]]
1256	你是哪里的人？	[['Where are you from?', 370703.0]]
1257	我有点喜欢他。	[['I kind of like him.', 4660260.0]]
1258	学校里有多少学生？	[['How many students are in the school?', 2973513.0]]
1259	我们的来了。	[['Ours has come.', 8727144.0]]
1260	我在看这本书。	[['I am reading the book.', 2803374.0]]
1261	她爱他，他爱她。	[['She loved him and he loved her.', 2664757.0]]
1262	请来我家里。	[['Please come into my home.', 1225105.0]]
1263	谁爱谁？	[['Who loved who?', 2254860.0]]
1264	这里有三十个人。	[['There are thirty people here.', 9801282.0]]
1265	你是老师吗？	[['Are you a teacher?', 2894605.0]]
1266	我昨天去了学校。	[['I went to school yesterday.', 257759.0]]
1267	你有朋友吗？	[['Do you have any friends?', 2685988.0]]
1268	我十二岁了。	[["I'm twelve years old.", 2069119.0], ["I'm twelve.", 2069142.0], ['I am 12 years old.', 2706902.0], ['I am twelve years old.', 4353654.0]]
1269	我不想回去。	[["I don't wanna go back.", 20450.0]]
1270	我很高兴你今天来了。	[["I'm glad you came today.", 3304010.0]]
1271	那里人好多。	[['There were so many people.', 41136.0]]
1272	我们想她。	[['We missed her.', 3911902.0]]
1273	这里有点冷。	[["It's a little chilly in here.", 8400871.0]]
1274	他不是学生。	[['He is not a student.', 2730657.0]]
1275	我很好。你呢？	[['I am fine， and you?', 872223.0], ["I'm fine， and you?", 2714936.0], ["I'm fine. How about you?", 239427.0]]
1276	我儿子十岁了。	[['My son is ten years old.', 935930.0]]
1277	我喜欢你！	[['I like you.', 410751.0]]
1278	我今天看见她了。	[['I saw her today.', 3910547.0]]
1279	你喝水吗？	[['Do you drink water?', 8879734.0]]
1280	我昨天没回家。	[["I didn't go home yesterday.", 6266682.0]]
1281	我想她喜欢。	[['I think she likes it.', 10081380.0]]
1282	我是你。	[['I am you.', 10121391.0]]
1283	你的名字叫什么？	[['What is your name?', 70623.0]]
1284	我回来了！	[["I'm back.", 564159.0]]
1285	昨天我吃了米饭。	[['Yesterday I ate rice.', 7356202.0]]
1286	我认识你儿子。	[['I know your son.', 1841674.0]]
1287	来看看！	[['Come and take a look.', 3096187.0]]
1288	你昨天下午在哪里?	[['Where were you yesterday afternoon?', 3826916.0]]
1289	今天我们买了好多东西。	[['We bought a lot of stuff today.', 10187655.0]]
1290	你喜欢中国菜吗？	[['Do you like Chinese cuisine?', 3429406.0], ['Do you like Chinese food?', 1098276.0]]
1291	我！	[['Me!', 4869848.0]]
1292	我能吗？	[['May I?', 526369.0]]
1293	谁，我？	[['Who? Me?', 4477708.0]]
1294	你现在有喜欢的人吗？	[['Is there anyone that you like right now?', 4959789.0]]
1295	他有时候会来看我。	[['He sometimes drops in on me.', 291998.0], ['He sometimes visits me.', 613363.0]]
1296	回家。	[['Go home.', 2230769.0]]
1297	谢谢大家！	[['Thanks， everybody!', 10251062.0]]
1298	这里有人	[["Somebody's in here.", 10251065.0]]
1299	你在读书。	[["You're reading.", 3128071.0]]
1300	她在回家。	[["She's going home.", 10251081.0]]
1301	有朋友是好。	[["It's good to have friends.", 10253672.0]]
1302	她不会喜欢的。	[["She won't like this.", 1547507.0]]
1303	我不喜欢你朋友。	[["I don't like your friends.", 1970155.0]]
1304	我想住在这里。	[['I want to live here.', 2302407.0]]
1305	这不是我的工作。	[["That's not my job.", 1096358.0], ["That isn't my job.", 7200379.0]]
1306	我爱Tatoeba。	[['I love Tatoeba.', 1200089.0]]
1307	她不听我的。	[["She doesn't listen to me.", 2223784.0]]
1308	我想读。	[['I want to read.', 8774984.0]]
1309	多少人？	[['How many people?', 24515.0]]
1310	爸爸在工作。	[["Dad's working.", 2609463.0]]
1311	他喜欢我吗？	[['Does he like me?', 1836327.0]]
1312	我明天回日本。	[["I'll be going back to Japan tomorrow.", 9808650.0]]
1313	我在喝什么？	[['What am I drinking?', 6116139.0]]
1314	你在看他吗?	[['Were you looking at him?', 1890700.0]]
1315	你看电视吗？	[['Do you watch television?', 69881.0], ['Do you watch TV?', 1626139.0]]
1316	我想写一本书。	[['I want to write a book.', 1586723.0]]
1317	你高兴了吗？	[['Are you happy now?', 971988.0], ['Are you satisfied now?', 1495860.0]]
1318	我没零钱。	[["I don't have any small change.", 3022594.0], ["I don't have any change.", 249944.0]]
1319	我昨天喝了茶。	[['I drank tea yesterday.', 3157604.0]]
1320	她好看吗？	[['Is she beautiful?', 2502584.0]]
1321	我的儿子！	[['My son!', 5320081.0]]
1322	他会来吗？	[['Will he come?', 7533454.0]]
1323	你认识他吗？	[['Do you know him?', 69003.0]]
1324	我好看吗？	[['Am I pretty?', 2789143.0], ['Am I handsome?', 3487859.0], ['I am handsome?', 3487860.0]]
1325	他是人。	[['He is human.', 288208.0]]
1326	他现在在写一本书。	[["He's writing a book now.", 296637.0]]
1327	这是她的书。	[['This book is hers.', 56864.0], ['This is her book.', 55424.0]]
1328	这是我们的。	[['This is ours.', 2295681.0]]
1329	我的儿子八岁了。	[['My son is eight years old.', 5023310.0]]
1330	我不认识他。	[["I don't know him.", 2319.0], ['I am not acquainted with him.', 260497.0]]
1331	我很好，你呢？	[['I am fine， and you?', 872223.0], ["I'm fine， and you?", 2714936.0]]
1332	我明天能去看电影吗？	[['Can I go to the movies tomorrow?', 5357246.0]]
1333	看他。	[['Look at him.', 2355809.0]]
1334	我想买。	[['I want to buy.', 536457.0]]
1335	你想看看吗？	[['Do you want to look at it?', 1931984.0]]
1336	我们有钱。	[["We're rich.", 2203292.0]]
1337	七点了。	[["It's seven o'clock.", 875819.0], ["It is seven o'clock.", 3688423.0], ["It is 7 o'clock.", 5696476.0], ['It is seven now.', 241586.0]]
1338	他在做什么？	[['What is he doing?', 294312.0], ["What's he doing?", 6608038.0]]
1339	我们在吃苹果。	[["We're eating apples.", 405769.0], ['We are eating apples.', 4980512.0]]
1340	你喜欢电影吗？	[['Do you like movies?', 26454.0]]
1341	你在哪里读书？	[['Where do you study?', 3350506.0]]
1342	她有很多钱。	[['She has a lot of money.', 311527.0]]
1343	你怎么去学校？	[['How do you get to school?', 16469.0], ['How do you go to school?', 38327.0]]
1344	太热了。	[["It's too hot.", 267106.0]]
1345	我昨天喝多了	[['I drank too much yesterday.', 10455244.0]]
1346	你喜欢猫吗？	[['Do you like cats?', 2733074.0]]
1347	我什么人都没看见。	[["I didn't see anybody.", 847767.0], ["I didn't see anyone.", 2092522.0]]
1348	我们不喜欢下雨。	[["We don't like the rain.", 377101.0], ["We don't like rain.", 1042310.0]]
1349	这个几块？	[['How much is this?', 925040.0], ['How much does this cost?', 432824.0], ['How much is it?', 2418.0], ['How much does it cost?', 436193.0], ['What does it cost?', 3738769.0], ['How much will it be?', 880528.0]]
1350	你没听。	[["You haven't been listening.", 3358949.0]]
1351	你不能一个人住。	[["You can't live alone.", 10475737.0]]
1352	我叫Tom。	[["I'm called Tom.", 6645799.0]]
1353	我没有在吃。	[['I am not eating.', 671755.0]]
1354	那里的天气怎么样？	[["How's the weather there?", 50753.0], ['How is the weather there?', 50761.0]]
1355	我九点回来。	[['I will be back by nine.', 72281.0], ["I'll be back by nine.", 10191651.0]]
1356	我们都喜欢她。	[['All of us like her.', 249513.0]]
1357	好大的狗！	[['What a huge dog!', 572577.0]]
1358	我不会回来的。	[["I'm not coming back.", 1841628.0], ["I won't return.", 2247633.0], ["I won't come back.", 5858861.0]]
1359	大家好。	[['Hello everyone.', 10067956.0], ['Hi everybody.', 10067970.0], ['Hi， everybody.', 3924471.0]]
1360	你没有电视吗？	[["Don't you have a television?", 8873676.0], ["Don't you have a TV?", 8873761.0], ["Haven't you got a telly?", 8873673.0], ["Haven't you got a television?", 8873674.0], ["Don't you have a telly?", 8873675.0]]
1361	她儿子怎么样了？	[['What has become of her son?', 309537.0]]
1362	不在下雨。	[['It is not raining.', 773233.0], ["It's not raining.", 1556519.0], ["It isn't raining.", 6523761.0]]
1363	你会来吗？	[['Are you coming?', 1417464.0]]
1364	你什么时候读书？	[['When do you study?', 70172.0]]
1365	今天是二零一六年十一月二十三日。	[['Today is 23rd November 2016.', 10540233.0], ['Today is 23 November 2016.', 10540232.0], ['Today is the twenty-third of November twenty-sixteen.', 10542089.0]]
1366	我吃水果、喝水。	[['I eat fruit and drink water.', 1138030.0]]
1367	没人喜欢我。	[['No one likes me.', 2812683.0], ['Nobody likes me.', 6220052.0]]
1368	今天有点冷。	[["It's a little cold today.", 387411.0]]
1369	今天很热。	[['It is very hot today.', 1689.0], ["It's very hot today.", 694423.0], ['Today is very warm.', 690432.0], ["It's very warm today.", 2826350.0], ["Today it's quite hot.", 3344376.0]]
1370	你是一个大人.	[['You are a large person.', 1098017.0], ['You are an adult.', 10555789.0]]
1371	我不想读这本书。	[["I don't want to read this book.", 627286.0]]
1372	今天是星期四。	[['Today is Thursday.', 1151779.0], ["It's Thursday today.", 5500194.0], ['It is Thursday.', 5628580.0], ["It's Thursday.", 5628586.0]]
1373	她和她的家人都很好。	[['She and hers are all very well.', 317549.0]]
1374	你在这里高兴吗？	[['Are you happy here?', 1372408.0]]
1375	我叫他明天去那里。	[['I asked him to go there tomorrow.', 260494.0]]
1376	他今天好些了吗？	[['Is he any better today?', 289700.0], ['Is he better today?', 2483504.0]]
1377	现在在下雨吗？	[['Is it raining right now?', 1299408.0]]
1378	在下雨吗？	[['Is it raining?', 1289095.0]]
1379	你做什么工作?	[["What's your job?", 36809.0], ['What is your job?', 687366.0]]
1380	我是去年认识他的。	[['I got acquainted with him last year.', 256889.0]]
1381	有吗？	[['Is that so?', 1120776.0]]
1382	她八岁大。	[["She's eight years old.", 2763592.0], ['She is eight.', 310214.0]]
1383	她八岁。	[['She is eight.', 310214.0]]
1384	热一点水。	[['Warm up some water.', 758879.0], ['Heat up some water.', 9179787.0]]
1385	我想和她说话。	[["I'd like to talk to her.", 3906289.0]]
1386	他不爱说话。	[["He's not a talkative person.", 10650280.0]]
1387	我是学生。	[["I'm a school pupil.", 10657351.0], ["I'm a pupil.", 10657350.0], ['I am a student.', 252287.0], ["I'm a student.", 567368.0]]
1388	你想想。	[['Think about this.', 2253706.0]]
1389	我的名字是Yatarou.	[['My name is Yatarou.', 321549.0]]
1390	这本书没那本大。	[['This book is less large than that one.', 57042.0], ['This book is not as large that one.', 435791.0], ["This book isn't as large that one.", 7492846.0]]
1391	我没看见Stefan。	[["I didn't see Stefan.", 9123721.0]]
1392	我们什么都喝。	[['We drink everything.', 470169.0]]
1393	她朋友很少。	[['She has few friends.', 451212.0]]
1394	我在打电话。	[["I'm on the phone.", 2280346.0]]
1395	我在看电视。	[["I'm watching television.", 3498173.0], ["I'm watching TV.", 2036345.0], ['I am watching TV.', 6983348.0], ['I am watching television.', 4384881.0]]
1396	是你吗？	[['Is it you?', 1259560.0]]
1397	你想吃什么东西吗?	[['Would you like anything to eat?', 25229.0], ['Do you want anything to eat?', 69619.0], ['Would you like to eat something?', 450089.0], ['Would you like something to eat?', 1830481.0], ['Do you want something to eat?', 1799703.0]]
1398	读好书。	[['Read good books.', 5614580.0]]
1399	你会在哪里？	[['Where will you be?', 540921.0], ['Where are you going to be?', 2892768.0]]
1400	我没有看医生。	[["I haven't seen a doctor.", 2360236.0]]
